MIPs,lig_probe_sequence,ext_probe_sequence,mip_start,mip_end,probe_strand
7_NRAS_exon3_p.Q61K_6_1_1,ACCATCTATAACCACTTGTTTTC,CGCAAATGACTTGCTAT,115256438,115256589,+
8_NRAS_exon3_p.Q61R_2_1_2,GCGGATATTAACCTCTACAGG,ATGGTGAAACCTGTTTGTT,115256420,115256571,-
9_NRAS_exon2_p.G13R_11_1_3,GCTTTCTATAATCAATGGAAATGA,GTGCGCTTTTCCCAAC,115258727,115258878,+
9_NRAS_exon2_p.G13R_10_1_4,GTGGTAGCCCGCTGACCTGAT,CTGGTGTGAAATGACTGAG,115258640,115258791,-
11_NOTCH2_exon34_p.P2387A_5308_1_5,CCTCCAGGGTGAGCATCCCTACCT,CCTATCATCCTTTCCC,120458101,120458230,-
11_NOTCH2_exon34_p.P2387A_14_1_6,CAGTGGGGAAAGCCACACTGG,CTCAGCAGCATTTGAGGAA,120458148,120458299,+
14_NOTCH2_exon34_p.P2280A_8274_1_7,CTGGCATAGCTCCCCAGA,AGGCTCCATCCAGTCCCAGTCC,120458489,120458618,-
14_NOTCH2_exon34_p.P2280A_17_1_8,GCTGGGACTGGGACTGGATGG,TTATGTGCTTCCCTTCAGG,120458462,120458613,+
16_NOTCH2_exon34_p.H2205P_0009_1_9,GCTATCCCACCACCACATTGTGTC,CTCCTGCCCCAGTCCA,120458650,120458779,-
16_NOTCH2_exon34_p.H2205P_16_1_10,ATGTAATCATTGGAGAGGATGTGG,GGCCCCATGTGCCAAA,120458703,120458854,+
20_NOTCH2_exon8_p.G438R_0012_1_11,GTGAGATGGACATCAATGAGTGCC,TTGTGTCTTTCAGCCA,120510128,120510257,-
20_NOTCH2_exon8_p.G438R_23_1_12,GTTTCCACAAATGTGAACAATAG,GTCCTGCATAACCCTTC,120510158,120510309,+
22_NOTCH2_exon7_p.L371R_13302_1_13,CACCTGCCCACAAGGCTACAAAGG,ACCCTGTGACAGGTCT,120510738,120510867,-
22_NOTCH2_exon7_p.L371R_26_1_14,GTTCCTCAGAATCCAACATGG,TGCTGATGCATGCATCATC,120510820,120510971,+
252_DNMT3A_p.R882C__316107_1_15,GGGTGAGTGCTGGCCAGACCAGGC,ATGACCGGCCCAGCAG,25457210,25457339,+
252_DNMT3A_p.R882C_378_1_16,CGCTCCGCTGAAGGAGTATTTT,CTCTCTGCCTTTTCTCCC,25457160,25457311,-
253_ALK_exon25_p.N1254K_0129_1_17,GGTGAGTAAAGACTGCCTCACCCC,TCCTTTCTTCCCAGAG,29432629,29432758,-
253_ALK_exon25_p.L1257V_382_1_18,ATTTTATCTCCAAGCTGAAGTTTA,CTTGGCCACTCTTCCA,29432687,29432838,+
262_SOS1_exon10_p.F588V_0130_1_19,GCAGCCTCATCTGCTCCTCTTT,CAGTTCCTGCTTTGATAA,39249753,39249882,+
SOS1_exon10_p.F588V_319670_1_20,GAGGCTTACGTACCATATGTA,ATAGATTTGCAGAGCCTGA,39249716,39249845,-
262_SOS1_exon10_p.F588V_389_1_21,GCAGCCCAAGGCTGGAATTCC,ACACTGGAAAGGATGCTTG,39249773,39249924,-
267_SOS1_exon10_p.Q426P_322323_1_22,CGACATGCAGATTCACTGGAATAA,ACAACACTGTCCAATG,39250246,39250375,+
267_SOS1_exon10_p.Q426P_392_1_23,ATGGTTGGGAGGGAAAAGAC,GTTTTCTGTCATCTATGTAC,39250261,39250412,-
270_SOS1_exon9_p.S385T_324397_1_24,CTTCACTTTTTTCTTCTAACTGC,CCTCAGTCTTCGTTTTG,39251150,39251279,+
270_SOS1_exon9_p.S385T_323822_1_25,TCCTTTTTTCCCTGAATATTGTGG,ACAAGCAATAACAGCT,39251102,39251231,-
272_SOS1_exon7_p.Q314K_326814_1_26,GCCTGGGGCAGCACTTTAT,TGTTTTACCTTCTTTATTTTC,39262537,39262666,-
272_SOS1_exon7_p.Q314K_399_1_27,ATCAAATGCCAGTTCCTTAGA,AGACATTGTACATCTTCAT,39262496,39262647,+
275_SOS1_exon3_p.I94L_0139_1_28,CACGTTCCTTGGAAAATAGGAAAA,TTTTCTACTGGGAGAG,39285833,39285962,+
275_SOS1_exon3_p.I94L_403_1_29,CCTTTATTAAAGGTAATGCTGAA,TTTTCCAAGGAACGTGT,39285803,39285954,-
492_IDH1_exon4_p.R132H_330241_1_30,CCATCCACTCACAAGCCGGG,CAAGTTGGAAATTTCTGGGC,209113025,209113154,+
492_IDH1_exon4_p.H133Y_411_1_31,GATCAAGTAAGTCATGTTGGCAA,TCACCAAATGGCACCAT,209113076,209113227,-
498_VHL_exon2_p.Y134X_335749_1_32,GACCTGGAGCGGCTGACACAGGAG,ATGCCTCCAGGTTGTC,10191490,10191619,+
498_VHL_exon2_p.Y134X_334896_1_33,GTGGCAGACTAGGGTCTCAGTACA,GACGATGTCCAGTCTC,10191421,10191550,-
497_VHL_exon2_p.L117V_418_1_34,CCTAGTCAAGCCTGAGAATTA,GTAGTACAGGTAGTTGTTG,10191380,10191531,+
293_RAF1_exon7_p.S257L_431_1_35,AAGAAAATTCCATGATTGGCAC,TGACCATGTGGACATTAG,12645670,12645821,+
293_RAF1_exon7_p.P261A_430_1_36,GGGGGTGGTAATGTCAGTCAAT,TAACACCTCCAGTCCCTC,12645598,12645749,-
327_TGFBR2_exon6_p.S502I_340123_1_37,GCCTCTTAGGTGGCAGAGAAT,GAAGGACAACGTGTTGAGA,30729940,30730069,+
330_CTNNB1_exon3_p.T41S_342173_1_38,TGGATACCTCCCAAGTCC,GCGGCTGTTAGTCACTGGCAGC,41266061,41266190,+
330_CTNNB1_exon3_p.T41S_0156_1_39,GCCGCTTTTCTGTCTGGTT,TCCACATCCTCTTCCTCAGGA,41266047,41266176,-
309_PIK3CA_exon8_p.S464A_344793_1_40,GCTTTTCTTCCATCTCTTAGGAAA,CCCTATTGGTGTTACT,178928093,178928222,+
309_PIK3CA_exon8_p.S464A_0160_1_41,CTTCTAATCCATGAGGTACTGGCC,ACATAAGAGAGAAGGT,178928059,178928188,-
314_PIK3CA_exon15_p.L735X_0161_1_42,GGAAACCTCAGGTACTTTCTTGGG,TTTTAATCAGGTACAG,178941859,178941988,+
314_PIK3CA_exon15_p.L735X_453_1_43,AAAAAAAGGATAGTCACAGTAAG,CCCCAAGAAAGTACCTG,178941838,178941989,-
319_PIK3CA_exon21_p.N1044T_460_1_44,CACTCTGGATTCCACACTGC,AGGCTTTGGAGTATTTCATG,178952046,178952197,+
319_PIK3CA_exon21_all3variants_1_45,GTAGTTCTGGCATTCCAGAGC,CCAATCCATTTTTGTTGTC,178951965,178952116,-
337_FGFR3_exon7_p.P250R_HANDPICJED1_1_46,CAGATGACGCTCAGGGGCCACC,CACTGGATGTGGGGCTGT,1803531,1803682,-
337_FGFR3_exon7_p.P250R_hanpicked1_1_47,GCGACGTGGAGTTCCACTGC,GTGGGGGCGGCAGTGGCGGT,1803496,1803647,+
341_FGFR3_exon8_p.S344F_0168_1_48,GTCTGGGGGACGCTGGCTCGGGA,GGGGAGTACACCTGCCT,1805491,1805620,+
341_FGFR3_exon8_p.S344F_0170_1_49,GCTCCTTGTCGGTGGTGTTAG,AGCACCACCAGCCACGCAG,1805429,1805558,-
349_FGFR3_exon10_p.G431R_0172_1_50,TGGGCGGCCCTCCTGGGCCTG,GGTGTCTGAGATGGAGATG,1807317,1807446,+
349_FGFR3_exon10_p.G431R_481_1_51,CGATCATCTTCATCATCTCCATCT,CTGGGGACACGGGCTC,1807325,1807476,-
353_FGFR3_exon12_p.K538M_358933_1_52,GTGCGGGGGTGGGGGTCATGCCAG,TGGTGACCGAGGACAA,1807812,1807941,+
353_FGFR3_exon12_p.K538M_358620_1_53,GCGGGCAGCCAGGTCCCTGT,AGGGCCGGGCTCACGTTGGT,1807785,1807914,-
354_FGFR3_exon13_p.R557G_361711_SNP_a_1_54,AGAGCCAGGACCCCAGCTGCA,GTGAAGTGGATGGCGCCTG,1807996,1808125,+
354_FGFR3_exon13_p.R557G_490_1_55,GCCAGGCGTCCTACTGGCATGA,CCTGAAGCCTGAGCTCTG,1807933,1808084,-
355_FGFR3_exon16_p.X695S_502_1_56,ACTCAGTGCAGATGGAGAGACAGC,GACCTGCTGCCCCCGG,1808942,1809093,+
355_FGFR3_exon16_p.X695S_501_1_57,GGGGAGTACTGCTCGAAAGGC,CACATTGTTGGGGACCAGT,1808863,1809014,-
360_KIT_exon13_p.V643L_365588_1_58,TGGGCACTCGCTAAAATTGGAA,GCTTTACCTCCAATGGTG,55594165,55594294,-
360_KIT_exon13_p.V643L_505_1_59,CAGGTTATCAAAACATGACATTTT,AACGGGAAGCCCTCAT,55594195,55594346,+
362_KIT_exon17_p.N822K_367152_1_60,TTTCTGGCTGCCAAGTCTCTGTGA,ATGGGTACTCACGTTT,55599241,55599370,-
362_KIT_exon17_p.N822K_508_1_61,ATAATGTAAATCCTGTCTAGGGA,TAGCCAGAGACATCAAG,55599312,55599463,+
372_APC_exon14_p.F1473V_0192_1_62,GCTTGCTTAGGTCCACTC,ACTCAGGCTGGATGAACAAGAA,112175683,112175812,-
372_APC_exon14_p.F1473V_511_1_63,ATAATGCCTCCAGTTCAGGAAAA,GTTCTTCCAGATGCTGA,112175732,112175883,+
376_CSF1R_exon19_p.F880C_0194_1_64,ACCCCAGGCTTTCGCTGG,TCCTGGTGAACAGCAAGTTCTA,149434749,149434878,-
376_CSF1R_exon19_p.F880C_515_1_65,CAGGTAAGAGGCCATGCCCATT,ATCCCTTCGCTTACATAT,149434786,149434937,+
416_EGFR_exon18_p.L692V_374514_1_66,AGGCTCCACAAGCTGGGG,CCTTATACACCGTGCCGAACGC,55241608,55241737,-
416_EGFR_exon18_p.L692V_519_1_67,AATTCAAAAAGATCAAAGTGCTG,GCTTTCCAGCATGGTGA,55241555,55241706,+
420_EGFR_exon20_p.N808H_0201_1_68,GAGGGGAGATAAGGAGCCAGGA,GGCTGCCTCCTGGACTAT,55249088,55249217,+
420_EGFR_exon20_p.N808H_524_1_69,CACGGTGGAGGTGAGGCAGAT,TATCTCCCTTCCCTGATTA,55249040,55249191,-
424_EGFR_exon25_p.S991T_528_1_70,CATGGACGACGTGGTGGATGC,CCAAGAAGTGGAATAGCAT,55268821,55268972,+
424_EGFR_exon25_p.S991T_529_1_71,GCATTCTTTCATCCCCCTGGTGCA,TGACGTGGAGGGGCTG,55268873,55269024,-
384_MET_exon2_p.N399H_380685_1_72,CCAGGGCTTCTTTTGTGCT,TTTTACGGACCCAATCATGAG,116340303,116340432,+
384_MET_exon2_p.N399H_533_1_73,AAATGCTGGAGACATCTCACATT,AAGCACAAAAGAAGCCC,116340282,116340433,-
389_BRAF_exon17_p.K687T_0206_2_1,CGTACCTTACTGAGATCTGGAG,TTGGATAGCATGAAGCTT,140439586,140439715,+
389_BRAF_exon17_p.K687T_382566_2_2,CCAAAAGAACAGACTAACATTCAT,CGGAGTAACTGTCCAA,140439566,140439695,-
391_BRAF_exon16_p.Q628P_0209_2_3,GACTTCTGGTGCCTGTTAG,GTTGTTGATGTTTGAATAAGG,140449096,140449225,+
391_BRAF_exon16_p.Q628P_384652_2_4,CATCAACAACAGGGACCAGGTAAA,AAGTCATCAGAATGCA,140449082,140449211,-
393_BRAF_exon15_p.G596R_559_2_5,GTGGATGGTAAGAATTGAGGC,TTTACTTACTACACCTCAG,140453061,140453212,-
393_BRAF_exon15_p.K601N_548_2_6,GTAGCTAGACCAAAATCACCT,TTCTAGTAACTCAGCAGCA,140453008,140453159,+
393_BRAF_exon15_p.D594H_388699_2_7,CCTATCAGAGCAAGCATTATGAA,GAGATTTCACTGTAGCT,140453128,140453257,+
394_BRAF_exon14_p.D576A_390500_2_8,GTCTGCGAAGTTTGAAAAC,GAGTCCTTTAGCCCTACTCAG,140453950,140454079,-
394_BRAF_exon14_p.D576A_568_2_9,CATACTTGGGGGTGTAAAGAC,AAATTTCAGGAAGGATACT,140453969,140454120,+
395_BRAF_exon13_p.S535C_571_2_10,AATAGCCCATGAAGAGTAGGATA,CCTGTGCAGTCTGTCGT,140476719,140476870,+
395_BRAF_exon13_p.S535C_572_2_11,CAGCTTGTATCACCATCTCCA,AGTTTGTCGACATTTAATG,140476781,140476932,-
397_BRAF_exon12_p.P490R_394585_2_12,ACTGCCACATCACCTAAAAG,CTTCTTTCTCTGGAAAAGAG,140477753,140477882,+
397_BRAF_exon12_p.Q493E_575_2_13,GTGGTAGCAACTATTAGCTTTAC,TTGAATGTGACAGCACC,140477704,140477855,-
399_BRAF_exon11_p.G469V_397363_2_14,CCCGTCTACCAAGTGTTTTCTTGA,TACTTACCATGCCACT,140481369,140481498,+
399_BRAF_exon11_p.G469V_397252_2_15,GGTAAGTATGTAATGTGGTGACAT,TAGACGGGACTCGAGT,140481353,140481482,-
401_BRAF_exon10_p.P403A_399701_2_16,GGGTAGAAGGTTGGGGGATATTTA,CCAGGTAATGAGGCAG,140482912,140483041,+
401_BRAF_exon10_p.P403A_592_2_17,ACTAACGTGAAAGCCTTACAGAAA,CCCAACCTTCTACCCC,140482881,140483032,-
404_BRAF_exon8_p.I342S_400947_2_18,GGTGAGAATTTGGGGCCTGGAAAA,TGGGAGCTGATGAGGA,140494146,140494275,+
404_BRAF_exon8_p.I342S_595_2_19,ATCAGCTCCCAATGTGCATA,CCAATGACTTCATTTTTCCA,140494137,140494288,-
431_FGFR1_exon12_p.K477N_403856_2_20,ACCTGCGGGAGTACCTGCA,GGGTTTCTTTGAGGTGAAGCC,38273521,38273650,-
431_FGFR1_exon12_p.K477N_600_2_21,CAGGTTTGGCTTCACCTCAAAGA,TATTCCAGCCCTGGGGG,38273494,38273645,+
433_FGFR1_exon10_p.L395V_405331_2_22,GCATAAGTTGGGGCTGGTGAAGT,GGGTTTGTCCTTGTCCA,38275425,38275554,+
433_FGFR1_exon10_p.L395V_0230_2_23,TGCTTTGGGCAGGTGGTGT,AGAGAGGTGGAGATGGGGTGC,38275460,38275589,-
443_FGFR1_exon4_p.L76V_606_2_24,ATATGGAGCTACGGCTGCCC,TTTGAATTCTTTGCCATTTT,38285466,38285617,+
443_FGFR1_exon4_p.L76V_607_2_25,GCCAAGACAGTGAAGTTCAAATG,CCTGCTCCTGAGCCTGA,38285527,38285678,-
464_JAK2_exon14_p.H608D_0234_2_26,GCTTTCTAATGCCTTTCTCAGAGC,AGTCTTTCTTTGAAGC,5073696,5073825,+
464_JAK2_exon14_p.H608D_610_2_27,GACTGTTGTCCATAAATAGTTCA,ACTTACTCTCGTCTCCA,5073640,5073791,-
454_ABL1_exon6_p.F359V_411665_2_28,GTCACAGGGCGTGGAGCCGG,GCCGTGGTGCTGCTGTACAT,133748348,133748477,+
454_ABL1_exon6_p.F359V_613_2_29,GGTACTCCATGGCTGACGAGATCT,GAAGCTGCGCCCTGAG,133748376,133748527,-
458_NOTCH1_exon27_p.R1683L_413267_2_30,ATCTCCAGGTAGACGATGGAGCTG,GGGGATGTTGAGGCTG,139397656,139397785,+
458_NOTCH1_exon27_p.R1683L_414108_2_31,GCAGTGCTTCCAGAGTGCCACCGA,TGGGCGGGGGAGGAGG,139397708,139397837,-
462_NOTCH1_exon26_p.H1591D_0242_2_32,CACACGGCCAGCAGATGATCTT,TGGTGGTGGTGGTGCTGA,139399293,139399422,-
58_RET_exon11_p.C634R_16316_2_33,GGTGGGGGTGGTGTGAGGCTTG,TGGTAGCAGTGGATGCAG,43609901,43610030,-
58_RET_exon11_p.C634R_bestpick9_2_34,GAGGCTCGGCACCACTGGGTA,GTGGATGCAGAAGGCAGAC,43609871,43610022,-
58_RET_exon11_p.C634R_handpicked13_2_35,GTGCTGCTGTCTGCCTTCTG,CAGCCTGTACCCAGTGGTGC,43609864,43610015,+
63_RET_exon13_p.L790F_34_2_36,CCTCTTTCTCCCTTTCCCTACTG,CTGAAGCAGGTCAACCA,43613871,43614022,+
63_RET_exon13_p.L790F_33_2_37,CACAGAGCAGGTTGCAAACGAT,GCTGGCCTTACCATCCTG,43613788,43613939,-
66_RET_exon14_p.S837S_20844_2_38,GCTGGAGTTGCGGCTGCCT,ATATGCACGCACCTTCATCTC,43615076,43615205,-
66_RET_exon14_p.S837S_37_2_39,CATGGGCGACCTCATCTCATTT,TGGAGTACGCCAAATACG,43614997,43615148,+
67_RET_exon15_p.D898Y_0024_2_40,AGGAGCCAGGTGCCCAGTCC,TTCATCGGGACTTGGCAGCC,43615533,43615662,+
67_RET_exon15_p.D898Y_42_2_41,GCCCCTCAGCTACCAGGATGTTT,CCCATGGTGCACCTGGG,43615555,43615706,-
75_KAT6B_exon18_p.T1105R_24067_2_42,GACTTCAGAAGGAAAAACCAGCCC,GGAGGCAAAACAAAGA,76788358,76788487,+
75_KAT6B_exon18_p.T1105R_0027_2_43,GCTCCATGGGTGTTTCTGG,GCAACAGGGCTTCCCCAGTTT,76788411,76788540,-
91_PTEN_exon8_p.K289N_26437_2_44,GCATTTGCAGTATAGAGCGTGC,TTTAGGACAAAATGTTTC,89720646,89720775,+
92_PTEN_exon8_p.T319P_50_2_45,ATTAAACATTTTGTGGGGGTTG,CATTTGCAGTATAGAGCG,89720755,89720906,+
92_PTEN_exon8_p.T319P_49_2_46,CCTCTGGTCCTGGTATGAAG,TTGCTTTGTCAAGATCATTT,89720683,89720834,-
32_SHOC2_exon1_p.S2G_0033_2_47,CCCAAAGTACCATCAGCCAAG,CTTTGAATTCAATTACTGG,112724053,112724182,+
32_SHOC2_exon1_p.S2G_0034_2_48,CTCAAGCCTGGACAAAAAC,TCCCAAAACCTCCAGAGGCTT,112724093,112724222,-
39_FGFR2_exon9_p.N437K_32899_2_49,GACACCAGATCAGAAAGG,AGAGTATTTGGGCGAATGCAGT,123257971,123258100,+
39_FGFR2_exon9_p.N437K_0036_2_50,ATTTTAGAAATGGCTGGGCTTCC,GATTGGGAAACACAAGA,123257932,123258061,-
39_FGFR2_exon9_p.N437K_58_2_51,AATACTCTGCAGTTTGATTGAA,GAGAAAGACCTTTCTGAT,123257957,123258108,-
44_FGFR2_exon6_p.C270R_34708_2_52,CACGACCAAGAAGCCAGACTTCAG,AGGAGATTACAGCTTC,123274689,123274818,-
44_FGFR2_exon6_p.S260C_66_2_53,GTAATCTCCTTTTCTCTTCCAGGC,GCTGGCTGCTGAAGTC,123274681,123274832,+
45_FGFR2_exon5_p.S236C_72_2_54,CCTCAAAAGTTACATTCCGAAT,GCAGTCAACCAAGAAAAG,123276781,123276932,+
45_FGFR2_exon5_p.C227S_79_2_55,ACTCTGCATGGTTGACAGTTCT,CTTGTTTTCTAGGCCGCC,123276838,123276989,-
48_FGFR2_exon4_p.Q174P_89_2_56,GTCTCCTCCGACCACTGTGGA,AAAGTCCTCACCTTGAGAA,123279482,123279633,+
48_FGFR2_exon4_p.Q174P_82_2_57,AAGGTGAGGACTTTCTGAATCTA,GTCGGAGGAGACGTAGA,123279473,123279624,-
48_FGFR2_exon4_p.T153R_90_2_58,GCCCAGCCCCACATCCAGTGGA,ACCCCTCCTTTCTTCCCT,123279561,123279712,-
49_FGFR2_exon4_p.S137W_91_2_59,GCCCAGCCCCACATCCAGTGGA,ACTCCTCCTTTCTTCCCT,123279561,123279712,-
49_FGFR2_exon4_p.S137W_83_2_60,GGGAGAATGAGAGACCAATAAA,GTAAACCTTGCAGACAAA,123279589,123279740,+
55_FGFR2_exon2_p.F54V_108_2_61,ATCTCCGGATGAGATGGCATCT,AAGACAGGTGACAGGCAG,123323944,123324095,+
55_FGFR2_exon2_p.F54V_109_2_62,ACAACAAGAGTAAGTAACTGCC,TAATTGCAACCTTTTTGC,123324003,123324154,-
131_HRAS_exon3_p.Q43H_166853_2_63,ACAGGCACGTCTCCCCATCAATGA,TTGGTGTTGTTGATGG,533793,533922,+
130_HRAS_exon3_p.Q61E_bestpick_31_2_64,GAATCCTGCAGGAGGACAGGG,CAAACACACACAGGAAGCC,533809,533960,+
130_HRAS_exon3_p.A59S_113_2_65,GCCATGCGGGACCAGTACATGC,CCCACGGAAGGTCCTGAG,533839,533990,-
132_HRAS_exon2_p.G13R_123_2_66,CTTATATTCCGTCATCGCTCCTCA,TGCTGGCACCTGGACG,534180,534331,+
132_HRAS_exon2_p.G12S_132_2_67,GTGGACGAATACGACCCCACTA,AGGAGACCCTGTAGGAGG,534217,534368,-
102_ZBTB16_exon2_p.M246R_136_2_68,GAGGTGCCCAGCCAGGACAG,TTGATGACCATAGGACAGTC,113934638,113934789,+
108_ZBTB16_exon3_p.L445X_173603_2_69,GCGGCTGAGAATGCACTTACTGG,AGCCAGAGCAGCAGCAA,114027018,114027147,+
108_ZBTB16_exon3_p.L445X_140_2_70,GTAAGGGAAAGGAAAAGAGAGGT,GAACGGGCCACTAAGGC,114027034,114027185,-
122_CBL_exon8_p.C404Y_0060_2_71,CATGAGGTGTCCACAGGGC,CCCCTTGTATCAGTAAAGGCT,119148962,119149091,-
122_CBL_exon8_p.C404Y_144_2_72,CGACTTTTTTCAGCTATGTAATAA,TGAGATGGGCTCCACA,119148896,119149047,+
124_CBL_exon9_p.I423N_178969_2_73,CCTCCCCAAATTATGATGATG,GGCTGTCCTTTCTGCCGAT,119149235,119149364,+
124_CBL_exon9_p.I423N_148_2_74,CAGAAAGGACAGCCCTGACC,GCTCGTTCATCATCATCATC,119149229,119149380,-
173_KRAS_exon3_p.Q61H_152_2_75,ATTATTACAGTGCACCTTTTACT,ATGTACTGGTCCCTCAT,25380243,25380394,+
173_KRAS_exon3_p.A59G_0065_2_76,GGCTTTCTTTGTGTATTTGCC,CAGGAAGCAAGTAGTAATT,25380209,25380338,-
174_KRAS_exon2_p.G12R_182151_2_77,CAGCTCCAACTACCACAAG,GCACCAGTAATATGCATATTA,25398174,25398303,+
174_KRAS_exon2_p.G12R_183358_2_78,CGTAGGCAAGAGTGCCTT,GTGTATTAACCTTATGTGTGAC,25398263,25398392,-
148_PTPN11_exon3_p.E76V_0068_3_1,TGGAACATCACGGGCAAT,TTTAGAAGAAATGGAGCTGTCA,112888117,112888246,+
148_PTPN11_exon3_p.G60R_179_3_2,AATCAGATCTCATCTTCCACGT,TTTCTCCCCTCCATACAG,112888043,112888194,-
148_PTPN11_exon3_p.G60R_176_3_3,AGGGGACAAATAAAGAGTTACAC,ACTGGACCAACTCAGCC,112888071,112888222,-
148_PTPN11_exon3_p.E76V_184_3_4,GTGTTCTGAATCTTGATGTGG,TCAGAGGATATTTAAGCTC,112888140,112888291,-
150_PTPN11_exon4_p.E139D_187434_3_5,CAGAGAGATGTCCATGAAACCACC,CCAGTGCGCACAGAAA,112890998,112891127,-
151_PTPN11_exon4_p.P144R_215_3_6,CGCTGTCAGGTAAATCTCCA,AAAGGAAAACATGGTAGTTT,112891051,112891202,+
155_PTPN11_exon8_p.F285C_190429_3_7,ATCATGGTAAGCTTTGCTTTTCAC,ACTTATGTGACCGTGG,112915423,112915552,+
155_PTPN11_exon8_p.F285C_222_3_8,GTTACTCCCCAGCCTAGTCC,CATTGATGTAATCTGAAACA,112915369,112915520,-
160_PTPN11_exon11_p.V428L_232_3_9,GTGGTGCACTGCAGGTGACAG,AGAGAACGGTCTGGCAATA,112924289,112924440,+
160_PTPN11_exon11_p.H444D_192222_3_10,CGTTCTCTCCGTATTCCCCTGGAG,TGATGCTCTCCTGCTT,112924273,112924402,-
162_PTPN11_exon13_p.P491L_243_3_11,GGCGGTCCAGCATTATATTG,TCTCTTTATTCTTCATGATG,112926796,112926947,+
162_PTPN11_exon13_p.F513V_250_3_12,GCAGTCAACACCTACGAAGGAAA,AATCCTGCGCTGTAGTG,112926816,112926967,-
165_PTPN11_exon14_p.P561L_0083_3_13,GCCACCCTGTGCAGAGTAAGT,CCAAATTTCAGAAAAGCAA,112939937,112940066,+
165_PTPN11_exon14_p.P561L_0084_3_14,GCCCTTTCCTCTTGCTTTT,CCTTCAGCACTACTTACTCTG,112939948,112940077,-
166_PTPN11_exon15_p.M586I_200383_3_15,GTGCTCTATTGGTTAATTGTTTAT,GACAGTGCTAGAGTCT,112942509,112942638,+
166_PTPN11_exon15_p.M586I_0085_3_16,CTTCTCTCATTCTGGAGAG,GAGCACTTGCATTTAAATACC,112942491,112942620,-
188_AKT1_exon3_p.R41P_202739_3_17,GGTGGTGAGAGCCACGCACACT,TTGGTCCACATCCTGCGG,105246459,105246588,+
188_AKT1_exon3_p.R41P_280_3_18,GTGGCGCGTAAGTATCCCCTT,CGTCTGTAGGGAAGTACAT,105246411,105246562,-
188_AKT1_exon3_p.R41P_ 281_3_19,GTGGCGCGTAAGTATCCCCTT,CGTCTGTAGGGGAGTACAT,105246411,105246562,-
189_MAP2K1_exon2_p.Q56P_285_3_20,GAAGATCAGTGAGCTGGGGGC,AACAGGACCAACTTGGAGG,66727360,66727511,+
189_MAP2K1_exon2_p.V60L_289_3_21,GCTCATCAAGCTCTAGCTCCTC,TTGTGGGAGACCTTGAAC,66727396,66727547,-
215_TP53_exon6_p.G202V_205942_3_22,GCAGGGCTCACTCCAGGTGAGTGA,CCTCTGTTGCTGCAGA,7573919,7574048,-
215_TP53_exon6_p.G202V_297_3_23,CAATTGTTTGACTTTATGACGG,CCTTGAGTTCCAAGGCCT,7573973,7574124,+
218_TP53_exon5_p.Q185E_208124_3_24,GTTTCCAGTCTAACACTC,CTAGCACTGCCCAACAACACCA,7576801,7576930,-
218_TP53_exon5_p.Q185E_300_3_25,CAAGGAAAGGTGATAAAAGTGA,GACTGGAAACTTTCCACT,7576809,7576960,+
220_TP53_exon4_p.L133R_211273_3_26,CTCCATCTACTCCCAACC,ACGCACCTCAAAGCTGTTCCGT,7577119,7577248,+
220_TP53_exon4_p.L133R_210872_3_27,GCCTGTCCTGGGAGAGACCGGCG,AAATGGGACAGGTAGGA,7577090,7577219,-
221_TP53_exon3_p.S128Y_0099_3_28,GATGATGGTGAGGATGGGC,GGAAGAAATCGGTAAGAGGTG,7577405,7577534,+
221_TP53_exon3_p.S128Y_213102_3_29,CCTGCACACTGGCCTGCTGTG,CATCCACTACAACTACATG,7577459,7577588,-
222_TP53_exon2_p.G67V_0103_3_30,GGACCCTGGGCAACCAGCCCTGTC,GTGTTTCTGTCATCCA,7578217,7578346,+
222_TP53_exon2_p.G67V_313_3_31,GTTTGCAACTGGGGTCTCTGGG,GATTGCTCTTAGGTCTGG,7578150,7578301,-
225_TP53_exon1_p.V15G_282872_3_32,CCATCTACAAGCAGTCACAGCACA,CTCCTTCCTCTTCCTA,7578425,7578573,-
224_TP53_exon1_p.H46Q_321_3_33,GTCATGTGCTGTGACTGCTTGT,TAAGAGCAATCAGTGAGG,7578291,7578442,+
224_TP53_exon1_p.H46Q_322_3_34,GTCATGTGCTGTGACTGCTTGT,TAAGAGCAATCCGTGAGG,7578291,7578442,+
225_TP53_exon1_p.V15G_266939_3_35,GCACAGGGCAGGTCTTGGCCAGTT,GCGCTCATGGTGGGGG,7578387,7578523,+
195_NF1_exon12_p.W425S_301085_3_36,GTTGTGGAGCACACCCAGCAATAC,TTTCTCTAGTCCGCAT,29533249,29533378,+
195_NF1_exon12_p.W425S_0109_3_37,TTGTATGCTCTGTTTATCAC,TCGAAGTTCAACCGAGTGAC,29533188,29533317,-
211_ERBB2_exon20_p.G776V_0111_3_38,GTCTCCCGCCTTCTGGGCATCTG,TGGTTGGGAGGCTGTGT,37880908,37881037,+
211_ERBB2_exon20_p.G776V_350_3_39,ACAAGGGTACGCTGAGAGGGTA,GGACATGGTCTAAGAGGC,37880951,37881102,-
213_ERBB2_exon21_p.I872L_0113_3_40,GGAGTGGTGTCTAGCCCATGGG,AAAATTACAGACTTCGGG,37881386,37881515,+
213_ERBB2_exon21_p.I872L_353_3_41,CGAGCGGCCAAGTCCCTGTGTA,CCTCTGCTCCTTGGTCCT,37881333,37881484,-
238_MAP2K2_exon6_p.R231S_307324_3_42,GCTGTGAGTCCCCGCTGGCT,CCAACATCCTCGTGAACTCT,4101000,4101129,-
238_MAP2K2_exon6_p.R231S_358_3_43,CCCTCTAGAGTTCACGAGGATGT,AGCAGGGAGGAGAGCTG,4100975,4101126,+
240_MAP2K2_exon3_p.N113K_0120_3_44,GCCTTCTACAGTGACGGGGAGAT,TGCAGCTGATCCACCTT,4110529,4110658,-
239_MAP2K2_exon3_p.C125S_361_3_45,GATCAGCTGCAAGGGGAGAGG,ATGCAAATGCTGATCTCCC,4110517,4110668,+
242_MAP2K2_exon2_p.Q60H_311079_3_46,GCTTCCAGCCGCTTCTTC,GGGTCTGTGCTGGACTTTGGTG,4117441,4117570,+
242_MAP2K2_exon2_p.Q60H_311292_3_47,GCAACGGCGGGGTGGTCACCAAAG,CTTGACGAGCAGCAGA,4117455,4117584,-
491_ATP1A3_exon17_p.F770C_313792_3_48,GACCAGCAATATCCCGGAGA,GGAGGGGCAGAGGGAGTGGG,42474629,42474758,-
491_ATP1A3_exon17_p.F770C_374_3_49,CATGCCAGGGAGCCCCACTC,GATGTTGGCCATGATGAACA,42474594,42474745,+
283_GNAS_exon4_p.D126G_333199_3_50,ACAGCCCTGCACATGGGC,CTGAGTGTGATGAACGTGCCTG,57478808,57478937,+
283_GNAS_exon4_p.D126G_414_3_51,GGGTTGGCCAGCTCCACGGG,TTCCTATATGGACACTGTGC,57478760,57478911,-
473_MED12_exon2_p.G44D_0244_3_52,GTTTTTTCCTTAGGGGAAGG,GTTCTTGGCACTGCCATGCT,70339177,70339306,-
473_MED12_exon2_p.G44D_623_3_53,AAAGGCTGGAAGAATCTAAGAA,TGAACTGACGGCCTTGAA,70339225,70339376,+
475_MED12_exon22_p.F996S_0246_3_54,GCTGAGGTCGAGGGATGGT,GCGCATATTTGATTCCGATGG,70347680,70347809,-
475_MED12_exon22_p.F996S_627_3_55,GCAGCTCACACCTTCACCTA,CTATCTCCTTTCCTCCATCC,70347717,70347868,+
477_MED12_exon25_p.P1187T_0248_3_56,GTCTTGAAAAGGTGAAGGAGG,GGAAGCAAAAGTAGAATCC,70349013,70349142,-
477_MED12_exon25_p.P1187T_630_3_57,ACAGTAGAAAGTGTGGTTCCC,AGCTTGTAGTGAACAGGAC,70348962,70349113,+