MIPs.x,lig_probe_sequence,ext_probe_sequence.x,mip_start,mip_end,probe_strand,Variant.Position
314_PIK3CA_exon15_p.L735X_453_1_43,AAAAAAAGGATAGTCACAGTAAG,CCCCAAGAAAGTACCTG,178941838,178941989,-,chr3:178941885
473_MED12_exon2_p.G44D_623_3_53,AAAGGCTGGAAGAATCTAAGAA,TGAACTGACGGCCTTGAA,70339225,70339376,+,chrX:70339254
384_MET_exon2_p.N399H_533_1_73,AAATGCTGGAGACATCTCACATT,AAGCACAAAAGAAGCCC,116340282,116340433,-,chr7:116340333
293_RAF1_exon7_p.S257L_431_1_35,AAGAAAATTCCATGATTGGCAC,TGACCATGTGGACATTAG,12645670,12645821,+,chr3:12645699
293_RAF1_exon7_p.S257L_431_1_35,AAGAAAATTCCATGATTGGCAC,TGACCATGTGGACATTAG,12645670,12645821,+,chr3:12645688
48_FGFR2_exon4_p.Q174P_82_2_57,AAGGTGAGGACTTTCTGAATCTA,GTCGGAGGAGACGTAGA,123279473,123279624,-,chr10:123279605
48_FGFR2_exon4_p.Q174P_82_2_57,AAGGTGAGGACTTTCTGAATCTA,GTCGGAGGAGACGTAGA,123279473,123279624,-,chr10:123279562
48_FGFR2_exon4_p.Q174P_82_2_57,AAGGTGAGGACTTTCTGAATCTA,GTCGGAGGAGACGTAGA,123279473,123279624,-,chr10:123279566
39_FGFR2_exon9_p.N437K_58_2_51,AATACTCTGCAGTTTGATTGAA,GAGAAAGACCTTTCTGAT,123257957,123258108,-,chr10:123258034
395_BRAF_exon13_p.S535C_571_2_10,AATAGCCCATGAAGAGTAGGATA,CCTGTGCAGTCTGTCGT,140476719,140476870,+,chr7:140476802
148_PTPN11_exon3_p.G60R_179_3_2,AATCAGATCTCATCTTCCACGT,TTTCTCCCCTCCATACAG,112888043,112888194,-,chr12:112888162
148_PTPN11_exon3_p.G60R_179_3_2,AATCAGATCTCATCTTCCACGT,TTTCTCCCCTCCATACAG,112888043,112888194,-,chr12:112888166
416_EGFR_exon18_p.L692V_519_1_67,AATTCAAAAAGATCAAAGTGCTG,GCTTTCCAGCATGGTGA,55241555,55241706,+,chr7:55241626
55_FGFR2_exon2_p.F54V_109_2_62,ACAACAAGAGTAAGTAACTGCC,TAATTGCAACCTTTTTGC,123324003,123324154,-,chr10:123324043
211_ERBB2_exon20_p.G776V_350_3_39,ACAAGGGTACGCTGAGAGGGTA,GGACATGGTCTAAGAGGC,37880951,37881102,-,chr17:37880998
283_GNAS_exon4_p.D126G_333199_3_50,ACAGCCCTGCACATGGGC,CTGAGTGTGATGAACGTGCCTG,57478808,57478937,+,chr20:57478836
131_HRAS_exon3_p.Q43H_166853_2_63,ACAGGCACGTCTCCCCATCAATGA,TTGGTGTTGTTGATGG,533793,533922,+,chr11:533875
131_HRAS_exon3_p.Q43H_166853_2_63,ACAGGCACGTCTCCCCATCAATGA,TTGGTGTTGTTGATGG,533793,533922,+,chr11:533881
477_MED12_exon25_p.P1187T_630_3_57,ACAGTAGAAAGTGTGGTTCCC,AGCTTGTAGTGAACAGGAC,70348962,70349113,+,chrX:70349047
7_NRAS_exon3_p.Q61K_6_1_1,ACCATCTATAACCACTTGTTTTC,CGCAAATGACTTGCTAT,115256438,115256589,+,chr1:115256529
7_NRAS_exon3_p.Q61K_6_1_1,ACCATCTATAACCACTTGTTTTC,CGCAAATGACTTGCTAT,115256438,115256589,+,chr1:115256530
376_CSF1R_exon19_p.F880C_0194_1_64,ACCCCAGGCTTTCGCTGG,TCCTGGTGAACAGCAAGTTCTA,149434749,149434878,-,chr5:149434815
431_FGFR1_exon12_p.K477N_403856_2_20,ACCTGCGGGAGTACCTGCA,GGGTTTCTTTGAGGTGAAGCC,38273521,38273650,-,chr8:38273544
401_BRAF_exon10_p.P403A_592_2_17,ACTAACGTGAAAGCCTTACAGAAA,CCCAACCTTCTACCCC,140482881,140483032,-,chr7:140482928
355_FGFR3_exon16_p.X695S_502_1_56,ACTCAGTGCAGATGGAGAGACAGC,GACCTGCTGCCCCCGG,1808942,1809093,+,chr4:1808988
45_FGFR2_exon5_p.C227S_79_2_55,ACTCTGCATGGTTGACAGTTCT,CTTGTTTTCTAGGCCGCC,123276838,123276989,-,chr10:123276865
45_FGFR2_exon5_p.C227S_79_2_55,ACTCTGCATGGTTGACAGTTCT,CTTGTTTTCTAGGCCGCC,123276838,123276989,-,chr10:123276892
45_FGFR2_exon5_p.C227S_79_2_55,ACTCTGCATGGTTGACAGTTCT,CTTGTTTTCTAGGCCGCC,123276838,123276989,-,chr10:123276893
397_BRAF_exon12_p.P490R_394585_2_12,ACTGCCACATCACCTAAAAG,CTTCTTTCTCTGGAAAAGAG,140477753,140477882,+,chr7:140477831
397_BRAF_exon12_p.P490R_394585_2_12,ACTGCCACATCACCTAAAAG,CTTCTTTCTCTGGAAAAGAG,140477753,140477882,+,chr7:140477813
397_BRAF_exon12_p.P490R_394585_2_12,ACTGCCACATCACCTAAAAG,CTTCTTTCTCTGGAAAAGAG,140477753,140477882,+,chr7:140477839
354_FGFR3_exon13_p.R557G_361711_SNP_a_1_54,AGAGCCAGGACCCCAGCTGCA,GTGAAGTGGATGGCGCCTG,1807996,1808125,+,chr4:1808029
67_RET_exon15_p.D898Y_0024_2_40,AGGAGCCAGGTGCCCAGTCC,TTCATCGGGACTTGGCAGCC,43615533,43615662,+,chr10:43615613
416_EGFR_exon18_p.L692V_374514_1_66,AGGCTCCACAAGCTGGGG,CCTTATACACCGTGCCGAACGC,55241608,55241737,-,chr7:55241626
148_PTPN11_exon3_p.G60R_176_3_3,AGGGGACAAATAAAGAGTTACAC,ACTGGACCAACTCAGCC,112888071,112888222,-,chr12:112888199
148_PTPN11_exon3_p.G60R_176_3_3,AGGGGACAAATAAAGAGTTACAC,ACTGGACCAACTCAGCC,112888071,112888222,-,chr12:112888198
148_PTPN11_exon3_p.G60R_176_3_3,AGGGGACAAATAAAGAGTTACAC,ACTGGACCAACTCAGCC,112888071,112888222,-,chr12:112888162
148_PTPN11_exon3_p.G60R_176_3_3,AGGGGACAAATAAAGAGTTACAC,ACTGGACCAACTCAGCC,112888071,112888222,-,chr12:112888202
148_PTPN11_exon3_p.G60R_176_3_3,AGGGGACAAATAAAGAGTTACAC,ACTGGACCAACTCAGCC,112888071,112888222,-,chr12:112888166
148_PTPN11_exon3_p.G60R_176_3_3,AGGGGACAAATAAAGAGTTACAC,ACTGGACCAACTCAGCC,112888071,112888222,-,chr12:112888197
372_APC_exon14_p.F1473V_511_1_63,ATAATGCCTCCAGTTCAGGAAAA,GTTCTTCCAGATGCTGA,112175732,112175883,+,chr5:112175762
362_KIT_exon17_p.N822K_508_1_61,ATAATGTAAATCCTGTCTAGGGA,TAGCCAGAGACATCAAG,55599312,55599463,+,chr4:55599340
443_FGFR1_exon4_p.L76V_606_2_24,ATATGGAGCTACGGCTGCCC,TTTGAATTCTTTGCCATTTT,38285466,38285617,+,chr8:38285567
272_SOS1_exon7_p.Q314K_399_1_27,ATCAAATGCCAGTTCCTTAGA,AGACATTGTACATCTTCAT,39262496,39262647,+,chr2:39262566
404_BRAF_exon8_p.I342S_595_2_19,ATCAGCTCCCAATGTGCATA,CCAATGACTTCATTTTTCCA,140494137,140494288,-,chr7:140494223
155_PTPN11_exon8_p.F285C_190429_3_7,ATCATGGTAAGCTTTGCTTTTCAC,ACTTATGTGACCGTGG,112915423,112915552,+,chr12:112915455
458_NOTCH1_exon27_p.R1683L_413267_2_30,ATCTCCAGGTAGACGATGGAGCTG,GGGGATGTTGAGGCTG,139397656,139397785,+,chr9:139397753
55_FGFR2_exon2_p.F54V_108_2_61,ATCTCCGGATGAGATGGCATCT,AAGACAGGTGACAGGCAG,123323944,123324095,+,chr10:123324043
267_SOS1_exon10_p.Q426P_392_1_23,ATGGTTGGGAGGGAAAAGAC,GTTTTCTGTCATCTATGTAC,39250261,39250412,-,chr2:39250292
16_NOTCH2_exon34_p.H2205P_16_1_10,ATGTAATCATTGGAGAGGATGTGG,GGCCCCATGTGCCAAA,120458703,120458854,+,chr1:120458731
92_PTEN_exon8_p.T319P_50_2_45,ATTAAACATTTTGTGGGGGTTG,CATTTGCAGTATAGAGCG,89720755,89720906,+,chr10:89720804
173_KRAS_exon3_p.Q61H_152_2_75,ATTATTACAGTGCACCTTTTACT,ATGTACTGGTCCCTCAT,25380243,25380394,+,chr12:25380275
173_KRAS_exon3_p.Q61H_152_2_75,ATTATTACAGTGCACCTTTTACT,ATGTACTGGTCCCTCAT,25380243,25380394,+,chr12:25380276
173_KRAS_exon3_p.Q61H_152_2_75,ATTATTACAGTGCACCTTTTACT,ATGTACTGGTCCCTCAT,25380243,25380394,+,chr12:25380282
39_FGFR2_exon9_p.N437K_0036_2_50,ATTTTAGAAATGGCTGGGCTTCC,GATTGGGAAACACAAGA,123257932,123258061,-,chr10:123258034
253_ALK_exon25_p.L1257V_382_1_18,ATTTTATCTCCAAGCTGAAGTTTA,CTTGGCCACTCTTCCA,29432687,29432838,+,chr2:29432719
253_ALK_exon25_p.L1257V_382_1_18,ATTTTATCTCCAAGCTGAAGTTTA,CTTGGCCACTCTTCCA,29432687,29432838,+,chr2:29432726
218_TP53_exon5_p.Q185E_300_3_25,CAAGGAAAGGTGATAAAAGTGA,GACTGGAAACTTTCCACT,7576809,7576960,+,chr17:7576897
215_TP53_exon6_p.G202V_297_3_23,CAATTGTTTGACTTTATGACGG,CCTTGAGTTCCAAGGCCT,7573973,7574124,+,chr17:7574026
462_NOTCH1_exon26_p.H1591D_0242_2_32,CACACGGCCAGCAGATGATCTT,TGGTGGTGGTGGTGCTGA,139399293,139399422,-,chr9:139399372
63_RET_exon13_p.L790F_33_2_37,CACAGAGCAGGTTGCAAACGAT,GCTGGCCTTACCATCCTG,43613788,43613939,-,chr10:43613906
22_NOTCH2_exon7_p.L371R_13302_1_13,CACCTGCCCACAAGGCTACAAAGG,ACCCTGTGACAGGTCT,120510738,120510867,-,chr1:120510852
44_FGFR2_exon6_p.C270R_34708_2_52,CACGACCAAGAAGCCAGACTTCAG,AGGAGATTACAGCTTC,123274689,123274818,-,chr10:123274774
420_EGFR_exon20_p.N808H_524_1_69,CACGGTGGAGGTGAGGCAGAT,TATCTCCCTTCCCTGATTA,55249040,55249191,-,chr7:55249124
275_SOS1_exon3_p.I94L_0139_1_28,CACGTTCCTTGGAAAATAGGAAAA,TTTTCTACTGGGAGAG,39285833,39285962,+,chr2:39285879
319_PIK3CA_exon21_p.N1044T_460_1_44,CACTCTGGATTCCACACTGC,AGGCTTTGGAGTATTTCATG,178952046,178952197,+,chr3:178952087
319_PIK3CA_exon21_p.N1044T_460_1_44,CACTCTGGATTCCACACTGC,AGGCTTTGGAGTATTTCATG,178952046,178952197,+,chr3:178952084
319_PIK3CA_exon21_p.N1044T_460_1_44,CACTCTGGATTCCACACTGC,AGGCTTTGGAGTATTTCATG,178952046,178952197,+,chr3:178952076
124_CBL_exon9_p.I423N_148_2_74,CAGAAAGGACAGCCCTGACC,GCTCGTTCATCATCATCATC,119149229,119149380,-,chr11:119149260
150_PTPN11_exon4_p.E139D_187434_3_5,CAGAGAGATGTCCATGAAACCACC,CCAGTGCGCACAGAAA,112890998,112891127,-,chr12:112891102
150_PTPN11_exon4_p.E139D_187434_3_5,CAGAGAGATGTCCATGAAACCACC,CCAGTGCGCACAGAAA,112890998,112891127,-,chr12:112891097
150_PTPN11_exon4_p.E139D_187434_3_5,CAGAGAGATGTCCATGAAACCACC,CCAGTGCGCACAGAAA,112890998,112891127,-,chr12:112891083
337_FGFR3_exon7_p.P250R_HANDPICJED1_1_46,CAGATGACGCTCAGGGGCCACC,CACTGGATGTGGGGCTGT,1803531,1803682,-,chr4:1803571
174_KRAS_exon2_p.G12R_182151_2_77,CAGCTCCAACTACCACAAG,GCACCAGTAATATGCATATTA,25398174,25398303,+,chr12:25398281
174_KRAS_exon2_p.G12R_182151_2_77,CAGCTCCAACTACCACAAG,GCACCAGTAATATGCATATTA,25398174,25398303,+,chr12:25398284
395_BRAF_exon13_p.S535C_572_2_11,CAGCTTGTATCACCATCTCCA,AGTTTGTCGACATTTAATG,140476781,140476932,-,chr7:140476802
376_CSF1R_exon19_p.F880C_515_1_65,CAGGTAAGAGGCCATGCCCATT,ATCCCTTCGCTTACATAT,149434786,149434937,+,chr5:149434815
360_KIT_exon13_p.V643L_505_1_59,CAGGTTATCAAAACATGACATTTT,AACGGGAAGCCCTCAT,55594195,55594346,+,chr4:55594224
431_FGFR1_exon12_p.K477N_600_2_21,CAGGTTTGGCTTCACCTCAAAGA,TATTCCAGCCCTGGGGG,38273494,38273645,+,chr8:38273544
11_NOTCH2_exon34_p.P2387A_14_1_6,CAGTGGGGAAAGCCACACTGG,CTCAGCAGCATTTGAGGAA,120458148,120458299,+,chr1:120458186
394_BRAF_exon14_p.D576A_568_2_9,CATACTTGGGGGTGTAAAGAC,AAATTTCAGGAAGGATACT,140453969,140454120,+,chr7:140454001
122_CBL_exon8_p.C404Y_0060_2_71,CATGAGGTGTCCACAGGGC,CCCCTTGTATCAGTAAAGGCT,119148962,119149091,-,chr11:119148991
491_ATP1A3_exon17_p.F770C_374_3_49,CATGCCAGGGAGCCCCACTC,GATGTTGGCCATGATGAACA,42474594,42474745,+,chr19:42474682
424_EGFR_exon25_p.S991T_528_1_70,CATGGACGACGTGGTGGATGC,CCAAGAAGTGGAATAGCAT,55268821,55268972,+,chr7:55268906
66_RET_exon14_p.S837S_37_2_39,CATGGGCGACCTCATCTCATTT,TGGAGTACGCCAAATACG,43614997,43615148,+,chr10:43615097
389_BRAF_exon17_p.K687T_382566_2_2,CCAAAAGAACAGACTAACATTCAT,CGGAGTAACTGTCCAA,140439566,140439695,-,chr7:140439679
389_BRAF_exon17_p.K687T_382566_2_2,CCAAAAGAACAGACTAACATTCAT,CGGAGTAACTGTCCAA,140439566,140439695,-,chr7:140439614
384_MET_exon2_p.N399H_380685_1_72,CCAGGGCTTCTTTTGTGCT,TTTTACGGACCCAATCATGAG,116340303,116340432,+,chr7:116340333
492_IDH1_exon4_p.R132H_330241_1_30,CCATCCACTCACAAGCCGGG,CAAGTTGGAAATTTCTGGGC,209113025,209113154,+,chr2:209113110
492_IDH1_exon4_p.R132H_330241_1_30,CCATCCACTCACAAGCCGGG,CAAGTTGGAAATTTCTGGGC,209113025,209113154,+,chr2:209113112
225_TP53_exon1_p.V15G_282872_3_32,CCATCTACAAGCAGTCACAGCACA,CTCCTTCCTCTTCCTA,7578425,7578573,-,chr17:7578490
225_TP53_exon1_p.V15G_282872_3_32,CCATCTACAAGCAGTCACAGCACA,CTCCTTCCTCTTCCTA,7578425,7578573,-,chr17:7578469
225_TP53_exon1_p.V15G_282872_3_32,CCATCTACAAGCAGTCACAGCACA,CTCCTTCCTCTTCCTA,7578425,7578573,-,chr17:7578457
32_SHOC2_exon1_p.S2G_0033_2_47,CCCAAAGTACCATCAGCCAAG,CTTTGAATTCAATTACTGG,112724053,112724182,+,chr10:112724120
399_BRAF_exon11_p.G469V_397363_2_14,CCCGTCTACCAAGTGTTTTCTTGA,TACTTACCATGCCACT,140481369,140481498,+,chr7:140481402
238_MAP2K2_exon6_p.R231S_358_3_43,CCCTCTAGAGTTCACGAGGATGT,AGCAGGGAGGAGAGCTG,4100975,4101126,+,chr19:4101031
497_VHL_exon2_p.L117V_418_1_34,CCTAGTCAAGCCTGAGAATTA,GTAGTACAGGTAGTTGTTG,10191380,10191531,+,chr3:10191479
393_BRAF_exon15_p.D594H_388699_2_7,CCTATCAGAGCAAGCATTATGAA,GAGATTTCACTGTAGCT,140453128,140453257,+,chr7:140453149
393_BRAF_exon15_p.D594H_388699_2_7,CCTATCAGAGCAAGCATTATGAA,GAGATTTCACTGTAGCT,140453128,140453257,+,chr7:140453155
45_FGFR2_exon5_p.S236C_72_2_54,CCTCAAAAGTTACATTCCGAAT,GCAGTCAACCAAGAAAAG,123276781,123276932,+,chr10:123276892
45_FGFR2_exon5_p.S236C_72_2_54,CCTCAAAAGTTACATTCCGAAT,GCAGTCAACCAAGAAAAG,123276781,123276932,+,chr10:123276865
45_FGFR2_exon5_p.S236C_72_2_54,CCTCAAAAGTTACATTCCGAAT,GCAGTCAACCAAGAAAAG,123276781,123276932,+,chr10:123276893
11_NOTCH2_exon34_p.P2387A_5308_1_5,CCTCCAGGGTGAGCATCCCTACCT,CCTATCATCCTTTCCC,120458101,120458230,-,chr1:120458186
124_CBL_exon9_p.I423N_178969_2_73,CCTCCCCAAATTATGATGATG,GGCTGTCCTTTCTGCCGAT,119149235,119149364,+,chr11:119149260
92_PTEN_exon8_p.T319P_49_2_46,CCTCTGGTCCTGGTATGAAG,TTGCTTTGTCAAGATCATTT,89720683,89720834,-,chr10:89720716
92_PTEN_exon8_p.T319P_49_2_46,CCTCTGGTCCTGGTATGAAG,TTGCTTTGTCAAGATCATTT,89720683,89720834,-,chr10:89720804
63_RET_exon13_p.L790F_34_2_36,CCTCTTTCTCCCTTTCCCTACTG,CTGAAGCAGGTCAACCA,43613871,43614022,+,chr10:43613906
221_TP53_exon3_p.S128Y_213102_3_29,CCTGCACACTGGCCTGCTGTG,CATCCACTACAACTACATG,7577459,7577588,-,chr17:7577502
275_SOS1_exon3_p.I94L_403_1_29,CCTTTATTAAAGGTAATGCTGAA,TTTTCCAAGGAACGTGT,39285803,39285954,-,chr2:39285879
267_SOS1_exon10_p.Q426P_322323_1_22,CGACATGCAGATTCACTGGAATAA,ACAACACTGTCCAATG,39250246,39250375,+,chr2:39250292
122_CBL_exon8_p.C404Y_144_2_72,CGACTTTTTTCAGCTATGTAATAA,TGAGATGGGCTCCACA,119148896,119149047,+,chr11:119148991
213_ERBB2_exon21_p.I872L_353_3_41,CGAGCGGCCAAGTCCCTGTGTA,CCTCTGCTCCTTGGTCCT,37881333,37881484,-,chr17:37881422
349_FGFR3_exon10_p.G431R_481_1_51,CGATCATCTTCATCATCTCCATCT,CTGGGGACACGGGCTC,1807325,1807476,-,chr4:1807371
349_FGFR3_exon10_p.G431R_481_1_51,CGATCATCTTCATCATCTCCATCT,CTGGGGACACGGGCTC,1807325,1807476,-,chr4:1807378
252_DNMT3A_p.R882C_378_1_16,CGCTCCGCTGAAGGAGTATTTT,CTCTCTGCCTTTTCTCCC,25457160,25457311,-,chr2:25457243
151_PTPN11_exon4_p.P144R_215_3_6,CGCTGTCAGGTAAATCTCCA,AAAGGAAAACATGGTAGTTT,112891051,112891202,+,chr12:112891102
151_PTPN11_exon4_p.P144R_215_3_6,CGCTGTCAGGTAAATCTCCA,AAAGGAAAACATGGTAGTTT,112891051,112891202,+,chr12:112891083
151_PTPN11_exon4_p.P144R_215_3_6,CGCTGTCAGGTAAATCTCCA,AAAGGAAAACATGGTAGTTT,112891051,112891202,+,chr12:112891097
389_BRAF_exon17_p.K687T_0206_2_1,CGTACCTTACTGAGATCTGGAG,TTGGATAGCATGAAGCTT,140439586,140439715,+,chr7:140439614
389_BRAF_exon17_p.K687T_0206_2_1,CGTACCTTACTGAGATCTGGAG,TTGGATAGCATGAAGCTT,140439586,140439715,+,chr7:140439679
174_KRAS_exon2_p.G12R_183358_2_78,CGTAGGCAAGAGTGCCTT,GTGTATTAACCTTATGTGTGAC,25398263,25398392,-,chr12:25398281
174_KRAS_exon2_p.G12R_183358_2_78,CGTAGGCAAGAGTGCCTT,GTGTATTAACCTTATGTGTGAC,25398263,25398392,-,chr12:25398285
174_KRAS_exon2_p.G12R_183358_2_78,CGTAGGCAAGAGTGCCTT,GTGTATTAACCTTATGTGTGAC,25398263,25398392,-,chr12:25398284
160_PTPN11_exon11_p.H444D_192222_3_10,CGTTCTCTCCGTATTCCCCTGGAG,TGATGCTCTCCTGCTT,112924273,112924402,-,chr12:112924336
160_PTPN11_exon11_p.H444D_192222_3_10,CGTTCTCTCCGTATTCCCCTGGAG,TGATGCTCTCCTGCTT,112924273,112924402,-,chr12:112924335
160_PTPN11_exon11_p.H444D_192222_3_10,CGTTCTCTCCGTATTCCCCTGGAG,TGATGCTCTCCTGCTT,112924273,112924402,-,chr12:112924384
160_PTPN11_exon11_p.H444D_192222_3_10,CGTTCTCTCCGTATTCCCCTGGAG,TGATGCTCTCCTGCTT,112924273,112924402,-,chr12:112924357
32_SHOC2_exon1_p.S2G_0034_2_48,CTCAAGCCTGGACAAAAAC,TCCCAAAACCTCCAGAGGCTT,112724093,112724222,-,chr10:112724120
220_TP53_exon4_p.L133R_211273_3_26,CTCCATCTACTCCCAACC,ACGCACCTCAAAGCTGTTCCGT,7577119,7577248,+,chr17:7577144
14_NOTCH2_exon34_p.P2280A_8274_1_7,CTGGCATAGCTCCCCAGA,AGGCTCCATCCAGTCCCAGTCC,120458489,120458618,-,chr1:120458507
132_HRAS_exon2_p.G13R_123_2_66,CTTATATTCCGTCATCGCTCCTCA,TGCTGGCACCTGGACG,534180,534331,+,chr11:534286
132_HRAS_exon2_p.G13R_123_2_66,CTTATATTCCGTCATCGCTCCTCA,TGCTGGCACCTGGACG,534180,534331,+,chr11:534289
132_HRAS_exon2_p.G13R_123_2_66,CTTATATTCCGTCATCGCTCCTCA,TGCTGGCACCTGGACG,534180,534331,+,chr11:534288
270_SOS1_exon9_p.S385T_324397_1_24,CTTCACTTTTTTCTTCTAACTGC,CCTCAGTCTTCGTTTTG,39251150,39251279,+,chr2:39251199
309_PIK3CA_exon8_p.S464A_0160_1_41,CTTCTAATCCATGAGGTACTGGCC,ACATAAGAGAGAAGGT,178928059,178928188,-,chr3:178928112
166_PTPN11_exon15_p.M586I_0085_3_16,CTTCTCTCATTCTGGAGAG,GAGCACTTGCATTTAAATACC,112942491,112942620,-,chr12:112942544
189_MAP2K1_exon2_p.Q56P_285_3_20,GAAGATCAGTGAGCTGGGGGC,AACAGGACCAACTTGGAGG,66727360,66727511,+,chr15:66727455
189_MAP2K1_exon2_p.Q56P_285_3_20,GAAGATCAGTGAGCTGGGGGC,AACAGGACCAACTTGGAGG,66727360,66727511,+,chr15:66727451
189_MAP2K1_exon2_p.Q56P_285_3_20,GAAGATCAGTGAGCTGGGGGC,AACAGGACCAACTTGGAGG,66727360,66727511,+,chr15:66727462
130_HRAS_exon3_p.Q61E_bestpick_31_2_64,GAATCCTGCAGGAGGACAGGG,CAAACACACACAGGAAGCC,533809,533960,+,chr11:533881
130_HRAS_exon3_p.Q61E_bestpick_31_2_64,GAATCCTGCAGGAGGACAGGG,CAAACACACACAGGAAGCC,533809,533960,+,chr11:533875
130_HRAS_exon3_p.Q61E_bestpick_31_2_64,GAATCCTGCAGGAGGACAGGG,CAAACACACACAGGAAGCC,533809,533960,+,chr11:533927
39_FGFR2_exon9_p.N437K_32899_2_49,GACACCAGATCAGAAAGG,AGAGTATTTGGGCGAATGCAGT,123257971,123258100,+,chr10:123258034
491_ATP1A3_exon17_p.F770C_313792_3_48,GACCAGCAATATCCCGGAGA,GGAGGGGCAGAGGGAGTGGG,42474629,42474758,-,chr19:42474682
498_VHL_exon2_p.Y134X_335749_1_32,GACCTGGAGCGGCTGACACAGGAG,ATGCCTCCAGGTTGTC,10191490,10191619,+,chr3:10191532
464_JAK2_exon14_p.H608D_610_2_27,GACTGTTGTCCATAAATAGTTCA,ACTTACTCTCGTCTCCA,5073640,5073791,-,chr9:5073743
75_KAT6B_exon18_p.T1105R_24067_2_42,GACTTCAGAAGGAAAAACCAGCCC,GGAGGCAAAACAAAGA,76788358,76788487,+,chr10:76788445
391_BRAF_exon16_p.Q628P_0209_2_3,GACTTCTGGTGCCTGTTAG,GTTGTTGATGTTTGAATAAGG,140449096,140449225,+,chr7:140449196
SOS1_exon10_p.F588V_319670_1_20,GAGGCTTACGTACCATATGTA,ATAGATTTGCAGAGCCTGA,39249716,39249845,-,chr2:39249807
420_EGFR_exon20_p.N808H_0201_1_68,GAGGGGAGATAAGGAGCCAGGA,GGCTGCCTCCTGGACTAT,55249088,55249217,+,chr7:55249124
102_ZBTB16_exon2_p.M246R_136_2_68,GAGGTGCCCAGCCAGGACAG,TTGATGACCATAGGACAGTC,113934638,113934789,+,chr11:113934759
492_IDH1_exon4_p.H133Y_411_1_31,GATCAAGTAAGTCATGTTGGCAA,TCACCAAATGGCACCAT,209113076,209113227,-,chr2:209113110
492_IDH1_exon4_p.H133Y_411_1_31,GATCAAGTAAGTCATGTTGGCAA,TCACCAAATGGCACCAT,209113076,209113227,-,chr2:209113112
239_MAP2K2_exon3_p.C125S_361_3_45,GATCAGCTGCAAGGGGAGAGG,ATGCAAATGCTGATCTCCC,4110517,4110668,+,chr19:4110618
239_MAP2K2_exon3_p.C125S_361_3_45,GATCAGCTGCAAGGGGAGAGG,ATGCAAATGCTGATCTCCC,4110517,4110668,+,chr19:4110584
221_TP53_exon3_p.S128Y_0099_3_28,GATGATGGTGAGGATGGGC,GGAAGAAATCGGTAAGAGGTG,7577405,7577534,+,chr17:7577502
242_MAP2K2_exon2_p.Q60H_311292_3_47,GCAACGGCGGGGTGGTCACCAAAG,CTTGACGAGCAGCAGA,4117455,4117584,-,chr19:4117540
225_TP53_exon1_p.V15G_266939_3_35,GCACAGGGCAGGTCTTGGCCAGTT,GCGCTCATGGTGGGGG,7578387,7578523,+,chr17:7578445
225_TP53_exon1_p.V15G_266939_3_35,GCACAGGGCAGGTCTTGGCCAGTT,GCGCTCATGGTGGGGG,7578387,7578523,+,chr17:7578457
225_TP53_exon1_p.V15G_266939_3_35,GCACAGGGCAGGTCTTGGCCAGTT,GCGCTCATGGTGGGGG,7578387,7578523,+,chr17:7578469
225_TP53_exon1_p.V15G_266939_3_35,GCACAGGGCAGGTCTTGGCCAGTT,GCGCTCATGGTGGGGG,7578387,7578523,+,chr17:7578490
262_SOS1_exon10_p.F588V_389_1_21,GCAGCCCAAGGCTGGAATTCC,ACACTGGAAAGGATGCTTG,39249773,39249924,-,chr2:39249807
262_SOS1_exon10_p.F588V_0130_1_19,GCAGCCTCATCTGCTCCTCTTT,CAGTTCCTGCTTTGATAA,39249753,39249882,+,chr2:39249807
475_MED12_exon22_p.F996S_627_3_55,GCAGCTCACACCTTCACCTA,CTATCTCCTTTCCTCCATCC,70347717,70347868,+,chrX:70347748
215_TP53_exon6_p.G202V_205942_3_22,GCAGGGCTCACTCCAGGTGAGTGA,CCTCTGTTGCTGCAGA,7573919,7574048,-,chr17:7574026
162_PTPN11_exon13_p.F513V_250_3_12,GCAGTCAACACCTACGAAGGAAA,AATCCTGCGCTGTAGTG,112926816,112926967,-,chr12:112926884
162_PTPN11_exon13_p.F513V_250_3_12,GCAGTCAACACCTACGAAGGAAA,AATCCTGCGCTGTAGTG,112926816,112926967,-,chr12:112926917
162_PTPN11_exon13_p.F513V_250_3_12,GCAGTCAACACCTACGAAGGAAA,AATCCTGCGCTGTAGTG,112926816,112926967,-,chr12:112926908
162_PTPN11_exon13_p.F513V_250_3_12,GCAGTCAACACCTACGAAGGAAA,AATCCTGCGCTGTAGTG,112926816,112926967,-,chr12:112926909
162_PTPN11_exon13_p.F513V_250_3_12,GCAGTCAACACCTACGAAGGAAA,AATCCTGCGCTGTAGTG,112926816,112926967,-,chr12:112926890
162_PTPN11_exon13_p.F513V_250_3_12,GCAGTCAACACCTACGAAGGAAA,AATCCTGCGCTGTAGTG,112926816,112926967,-,chr12:112926910
162_PTPN11_exon13_p.F513V_250_3_12,GCAGTCAACACCTACGAAGGAAA,AATCCTGCGCTGTAGTG,112926816,112926967,-,chr12:112926852
162_PTPN11_exon13_p.F513V_250_3_12,GCAGTCAACACCTACGAAGGAAA,AATCCTGCGCTGTAGTG,112926816,112926967,-,chr12:112926888
458_NOTCH1_exon27_p.R1683L_414108_2_31,GCAGTGCTTCCAGAGTGCCACCGA,TGGGCGGGGGAGGAGG,139397708,139397837,-,chr9:139397753
433_FGFR1_exon10_p.L395V_405331_2_22,GCATAAGTTGGGGCTGGTGAAGT,GGGTTTGTCCTTGTCCA,38275425,38275554,+,chr8:38275490
424_EGFR_exon25_p.S991T_529_1_71,GCATTCTTTCATCCCCCTGGTGCA,TGACGTGGAGGGGCTG,55268873,55269024,-,chr7:55268906
91_PTEN_exon8_p.K289N_26437_2_44,GCATTTGCAGTATAGAGCGTGC,TTTAGGACAAAATGTTTC,89720646,89720775,+,chr10:89720716
443_FGFR1_exon4_p.L76V_607_2_25,GCCAAGACAGTGAAGTTCAAATG,CCTGCTCCTGAGCCTGA,38285527,38285678,-,chr8:38285567
165_PTPN11_exon14_p.P561L_0083_3_13,GCCACCCTGTGCAGAGTAAGT,CCAAATTTCAGAAAAGCAA,112939937,112940066,+,chr12:112940030
354_FGFR3_exon13_p.R557G_490_1_55,GCCAGGCGTCCTACTGGCATGA,CCTGAAGCCTGAGCTCTG,1807933,1808084,-,chr4:1808029
130_HRAS_exon3_p.A59S_113_2_65,GCCATGCGGGACCAGTACATGC,CCCACGGAAGGTCCTGAG,533839,533990,-,chr11:533927
130_HRAS_exon3_p.A59S_113_2_65,GCCATGCGGGACCAGTACATGC,CCCACGGAAGGTCCTGAG,533839,533990,-,chr11:533881
130_HRAS_exon3_p.A59S_113_2_65,GCCATGCGGGACCAGTACATGC,CCCACGGAAGGTCCTGAG,533839,533990,-,chr11:533875
48_FGFR2_exon4_p.T153R_90_2_58,GCCCAGCCCCACATCCAGTGGA,ACCCCTCCTTTCTTCCCT,123279561,123279712,-,chr10:123279605
48_FGFR2_exon4_p.T153R_90_2_58,GCCCAGCCCCACATCCAGTGGA,ACCCCTCCTTTCTTCCCT,123279561,123279712,-,chr10:123279605
48_FGFR2_exon4_p.T153R_90_2_58,GCCCAGCCCCACATCCAGTGGA,ACCCCTCCTTTCTTCCCT,123279561,123279712,-,chr10:123279629
48_FGFR2_exon4_p.T153R_90_2_58,GCCCAGCCCCACATCCAGTGGA,ACCCCTCCTTTCTTCCCT,123279561,123279712,-,chr10:123279677
48_FGFR2_exon4_p.T153R_90_2_58,GCCCAGCCCCACATCCAGTGGA,ACCCCTCCTTTCTTCCCT,123279561,123279712,-,chr10:123279674
48_FGFR2_exon4_p.T153R_90_2_58,GCCCAGCCCCACATCCAGTGGA,ACCCCTCCTTTCTTCCCT,123279561,123279712,-,chr10:123279629
48_FGFR2_exon4_p.T153R_90_2_58,GCCCAGCCCCACATCCAGTGGA,ACCCCTCCTTTCTTCCCT,123279561,123279712,-,chr10:123279677
48_FGFR2_exon4_p.T153R_90_2_58,GCCCAGCCCCACATCCAGTGGA,ACCCCTCCTTTCTTCCCT,123279561,123279712,-,chr10:123279674
49_FGFR2_exon4_p.S137W_91_2_59,GCCCAGCCCCACATCCAGTGGA,ACTCCTCCTTTCTTCCCT,123279561,123279712,-,chr10:123279605
49_FGFR2_exon4_p.S137W_91_2_59,GCCCAGCCCCACATCCAGTGGA,ACTCCTCCTTTCTTCCCT,123279561,123279712,-,chr10:123279605
49_FGFR2_exon4_p.S137W_91_2_59,GCCCAGCCCCACATCCAGTGGA,ACTCCTCCTTTCTTCCCT,123279561,123279712,-,chr10:123279629
49_FGFR2_exon4_p.S137W_91_2_59,GCCCAGCCCCACATCCAGTGGA,ACTCCTCCTTTCTTCCCT,123279561,123279712,-,chr10:123279677
49_FGFR2_exon4_p.S137W_91_2_59,GCCCAGCCCCACATCCAGTGGA,ACTCCTCCTTTCTTCCCT,123279561,123279712,-,chr10:123279674
49_FGFR2_exon4_p.S137W_91_2_59,GCCCAGCCCCACATCCAGTGGA,ACTCCTCCTTTCTTCCCT,123279561,123279712,-,chr10:123279629
49_FGFR2_exon4_p.S137W_91_2_59,GCCCAGCCCCACATCCAGTGGA,ACTCCTCCTTTCTTCCCT,123279561,123279712,-,chr10:123279677
49_FGFR2_exon4_p.S137W_91_2_59,GCCCAGCCCCACATCCAGTGGA,ACTCCTCCTTTCTTCCCT,123279561,123279712,-,chr10:123279674
67_RET_exon15_p.D898Y_42_2_41,GCCCCTCAGCTACCAGGATGTTT,CCCATGGTGCACCTGGG,43615555,43615706,-,chr10:43615613
165_PTPN11_exon14_p.P561L_0084_3_14,GCCCTTTCCTCTTGCTTTT,CCTTCAGCACTACTTACTCTG,112939948,112940077,-,chr12:112940030
330_CTNNB1_exon3_p.T41S_0156_1_39,GCCGCTTTTCTGTCTGGTT,TCCACATCCTCTTCCTCAGGA,41266047,41266176,-,chr3:41266112
330_CTNNB1_exon3_p.T41S_0156_1_39,GCCGCTTTTCTGTCTGGTT,TCCACATCCTCTTCCTCAGGA,41266047,41266176,-,chr3:41266124
327_TGFBR2_exon6_p.S502I_340123_1_37,GCCTCTTAGGTGGCAGAGAAT,GAAGGACAACGTGTTGAGA,30729940,30730069,+,chr3:30729984
272_SOS1_exon7_p.Q314K_326814_1_26,GCCTGGGGCAGCACTTTAT,TGTTTTACCTTCTTTATTTTC,39262537,39262666,-,chr2:39262566
220_TP53_exon4_p.L133R_210872_3_27,GCCTGTCCTGGGAGAGACCGGCG,AAATGGGACAGGTAGGA,7577090,7577219,-,chr17:7577144
240_MAP2K2_exon3_p.N113K_0120_3_44,GCCTTCTACAGTGACGGGGAGAT,TGCAGCTGATCCACCTT,4110529,4110658,-,chr19:4110618
240_MAP2K2_exon3_p.N113K_0120_3_44,GCCTTCTACAGTGACGGGGAGAT,TGCAGCTGATCCACCTT,4110529,4110658,-,chr19:4110584
337_FGFR3_exon7_p.P250R_hanpicked1_1_47,GCGACGTGGAGTTCCACTGC,GTGGGGGCGGCAGTGGCGGT,1803496,1803647,+,chr4:1803571
8_NRAS_exon3_p.Q61R_2_1_2,GCGGATATTAACCTCTACAGG,ATGGTGAAACCTGTTTGTT,115256420,115256571,-,chr1:115256529
8_NRAS_exon3_p.Q61R_2_1_2,GCGGATATTAACCTCTACAGG,ATGGTGAAACCTGTTTGTT,115256420,115256571,-,chr1:115256530
108_ZBTB16_exon3_p.L445X_173603_2_69,GCGGCTGAGAATGCACTTACTGG,AGCCAGAGCAGCAGCAA,114027018,114027147,+,chr11:114027124
353_FGFR3_exon12_p.K538M_358620_1_53,GCGGGCAGCCAGGTCCCTGT,AGGGCCGGGCTCACGTTGGT,1807785,1807914,-,chr4:1807890
353_FGFR3_exon12_p.K538M_358620_1_53,GCGGGCAGCCAGGTCCCTGT,AGGGCCGGGCTCACGTTGGT,1807785,1807914,-,chr4:1807889
16_NOTCH2_exon34_p.H2205P_0009_1_9,GCTATCCCACCACCACATTGTGTC,CTCCTGCCCCAGTCCA,120458650,120458779,-,chr1:120458731
189_MAP2K1_exon2_p.V60L_289_3_21,GCTCATCAAGCTCTAGCTCCTC,TTGTGGGAGACCTTGAAC,66727396,66727547,-,chr15:66727451
189_MAP2K1_exon2_p.V60L_289_3_21,GCTCATCAAGCTCTAGCTCCTC,TTGTGGGAGACCTTGAAC,66727396,66727547,-,chr15:66727455
189_MAP2K1_exon2_p.V60L_289_3_21,GCTCATCAAGCTCTAGCTCCTC,TTGTGGGAGACCTTGAAC,66727396,66727547,-,chr15:66727462
75_KAT6B_exon18_p.T1105R_0027_2_43,GCTCCATGGGTGTTTCTGG,GCAACAGGGCTTCCCCAGTTT,76788411,76788540,-,chr10:76788445
341_FGFR3_exon8_p.S344F_0170_1_49,GCTCCTTGTCGGTGGTGTTAG,AGCACCACCAGCCACGCAG,1805429,1805558,-,chr4:1805519
475_MED12_exon22_p.F996S_0246_3_54,GCTGAGGTCGAGGGATGGT,GCGCATATTTGATTCCGATGG,70347680,70347809,-,chrX:70347748
66_RET_exon14_p.S837S_20844_2_38,GCTGGAGTTGCGGCTGCCT,ATATGCACGCACCTTCATCTC,43615076,43615205,-,chr10:43615097
14_NOTCH2_exon34_p.P2280A_17_1_8,GCTGGGACTGGGACTGGATGG,TTATGTGCTTCCCTTCAGG,120458462,120458613,+,chr1:120458507
238_MAP2K2_exon6_p.R231S_307324_3_42,GCTGTGAGTCCCCGCTGGCT,CCAACATCCTCGTGAACTCT,4101000,4101129,-,chr19:4101031
242_MAP2K2_exon2_p.Q60H_311079_3_46,GCTTCCAGCCGCTTCTTC,GGGTCTGTGCTGGACTTTGGTG,4117441,4117570,+,chr19:4117540
372_APC_exon14_p.F1473V_0192_1_62,GCTTGCTTAGGTCCACTC,ACTCAGGCTGGATGAACAAGAA,112175683,112175812,-,chr5:112175762
464_JAK2_exon14_p.H608D_0234_2_26,GCTTTCTAATGCCTTTCTCAGAGC,AGTCTTTCTTTGAAGC,5073696,5073825,+,chr9:5073743
9_NRAS_exon2_p.G13R_11_1_3,GCTTTCTATAATCAATGGAAATGA,GTGCGCTTTTCCCAAC,115258727,115258878,+,chr1:115258745
309_PIK3CA_exon8_p.S464A_344793_1_40,GCTTTTCTTCCATCTCTTAGGAAA,CCCTATTGGTGTTACT,178928093,178928222,+,chr3:178928112
314_PIK3CA_exon15_p.L735X_0161_1_42,GGAAACCTCAGGTACTTTCTTGGG,TTTTAATCAGGTACAG,178941859,178941988,+,chr3:178941885
222_TP53_exon2_p.G67V_0103_3_30,GGACCCTGGGCAACCAGCCCTGTC,GTGTTTCTGTCATCCA,7578217,7578346,+,chr17:7578253
213_ERBB2_exon21_p.I872L_0113_3_40,GGAGTGGTGTCTAGCCCATGGG,AAAATTACAGACTTCGGG,37881386,37881515,+,chr17:37881422
162_PTPN11_exon13_p.P491L_243_3_11,GGCGGTCCAGCATTATATTG,TCTCTTTATTCTTCATGATG,112926796,112926947,+,chr12:112926908
162_PTPN11_exon13_p.P491L_243_3_11,GGCGGTCCAGCATTATATTG,TCTCTTTATTCTTCATGATG,112926796,112926947,+,chr12:112926884
162_PTPN11_exon13_p.P491L_243_3_11,GGCGGTCCAGCATTATATTG,TCTCTTTATTCTTCATGATG,112926796,112926947,+,chr12:112926852
162_PTPN11_exon13_p.P491L_243_3_11,GGCGGTCCAGCATTATATTG,TCTCTTTATTCTTCATGATG,112926796,112926947,+,chr12:112926890
162_PTPN11_exon13_p.P491L_243_3_11,GGCGGTCCAGCATTATATTG,TCTCTTTATTCTTCATGATG,112926796,112926947,+,chr12:112926888
162_PTPN11_exon13_p.P491L_243_3_11,GGCGGTCCAGCATTATATTG,TCTCTTTATTCTTCATGATG,112926796,112926947,+,chr12:112926917
162_PTPN11_exon13_p.P491L_243_3_11,GGCGGTCCAGCATTATATTG,TCTCTTTATTCTTCATGATG,112926796,112926947,+,chr12:112926909
162_PTPN11_exon13_p.P491L_243_3_11,GGCGGTCCAGCATTATATTG,TCTCTTTATTCTTCATGATG,112926796,112926947,+,chr12:112926910
173_KRAS_exon3_p.A59G_0065_2_76,GGCTTTCTTTGTGTATTTGCC,CAGGAAGCAAGTAGTAATT,25380209,25380338,-,chr12:25380282
173_KRAS_exon3_p.A59G_0065_2_76,GGCTTTCTTTGTGTATTTGCC,CAGGAAGCAAGTAGTAATT,25380209,25380338,-,chr12:25380275
173_KRAS_exon3_p.A59G_0065_2_76,GGCTTTCTTTGTGTATTTGCC,CAGGAAGCAAGTAGTAATT,25380209,25380338,-,chr12:25380276
49_FGFR2_exon4_p.S137W_83_2_60,GGGAGAATGAGAGACCAATAAA,GTAAACCTTGCAGACAAA,123279589,123279740,+,chr10:123279674
49_FGFR2_exon4_p.S137W_83_2_60,GGGAGAATGAGAGACCAATAAA,GTAAACCTTGCAGACAAA,123279589,123279740,+,chr10:123279677
49_FGFR2_exon4_p.S137W_83_2_60,GGGAGAATGAGAGACCAATAAA,GTAAACCTTGCAGACAAA,123279589,123279740,+,chr10:123279629
355_FGFR3_exon16_p.X695S_501_1_57,GGGGAGTACTGCTCGAAAGGC,CACATTGTTGGGGACCAGT,1808863,1809014,-,chr4:1808988
293_RAF1_exon7_p.P261A_430_1_36,GGGGGTGGTAATGTCAGTCAAT,TAACACCTCCAGTCCCTC,12645598,12645749,-,chr3:12645699
293_RAF1_exon7_p.P261A_430_1_36,GGGGGTGGTAATGTCAGTCAAT,TAACACCTCCAGTCCCTC,12645598,12645749,-,chr3:12645688
401_BRAF_exon10_p.P403A_399701_2_16,GGGTAGAAGGTTGGGGGATATTTA,CCAGGTAATGAGGCAG,140482912,140483041,+,chr7:140482928
252_DNMT3A_p.R882C__316107_1_15,GGGTGAGTGCTGGCCAGACCAGGC,ATGACCGGCCCAGCAG,25457210,25457339,+,chr2:25457243
283_GNAS_exon4_p.D126G_414_3_51,GGGTTGGCCAGCTCCACGGG,TTCCTATATGGACACTGTGC,57478760,57478911,-,chr20:57478836
399_BRAF_exon11_p.G469V_397252_2_15,GGTAAGTATGTAATGTGGTGACAT,TAGACGGGACTCGAGT,140481353,140481482,-,chr7:140481402
454_ABL1_exon6_p.F359V_613_2_29,GGTACTCCATGGCTGACGAGATCT,GAAGCTGCGCCCTGAG,133748376,133748527,-,chr9:133748414
404_BRAF_exon8_p.I342S_400947_2_18,GGTGAGAATTTGGGGCCTGGAAAA,TGGGAGCTGATGAGGA,140494146,140494275,+,chr7:140494223
253_ALK_exon25_p.N1254K_0129_1_17,GGTGAGTAAAGACTGCCTCACCCC,TCCTTTCTTCCCAGAG,29432629,29432758,-,chr2:29432719
253_ALK_exon25_p.N1254K_0129_1_17,GGTGAGTAAAGACTGCCTCACCCC,TCCTTTCTTCCCAGAG,29432629,29432758,-,chr2:29432726
58_RET_exon11_p.C634R_16316_2_33,GGTGGGGGTGGTGTGAGGCTTG,TGGTAGCAGTGGATGCAG,43609901,43610030,-,chr10:43609948
58_RET_exon11_p.C634R_16316_2_33,GGTGGGGGTGGTGTGAGGCTTG,TGGTAGCAGTGGATGCAG,43609901,43610030,-,chr10:43609948
58_RET_exon11_p.C634R_16316_2_33,GGTGGGGGTGGTGTGAGGCTTG,TGGTAGCAGTGGATGCAG,43609901,43610030,-,chr10:43609948
188_AKT1_exon3_p.R41P_202739_3_17,GGTGGTGAGAGCCACGCACACT,TTGGTCCACATCCTGCGG,105246459,105246588,+,chr14:105246478
108_ZBTB16_exon3_p.L445X_140_2_70,GTAAGGGAAAGGAAAAGAGAGGT,GAACGGGCCACTAAGGC,114027034,114027185,-,chr11:114027124
44_FGFR2_exon6_p.S260C_66_2_53,GTAATCTCCTTTTCTCTTCCAGGC,GCTGGCTGCTGAAGTC,123274681,123274832,+,chr10:123274774
44_FGFR2_exon6_p.S260C_66_2_53,GTAATCTCCTTTTCTCTTCCAGGC,GCTGGCTGCTGAAGTC,123274681,123274832,+,chr10:123274803
393_BRAF_exon15_p.K601N_548_2_6,GTAGCTAGACCAAAATCACCT,TTCTAGTAACTCAGCAGCA,140453008,140453159,+,chr7:140453132
393_BRAF_exon15_p.K601N_548_2_6,GTAGCTAGACCAAAATCACCT,TTCTAGTAACTCAGCAGCA,140453008,140453159,+,chr7:140453096
393_BRAF_exon15_p.K601N_548_2_6,GTAGCTAGACCAAAATCACCT,TTCTAGTAACTCAGCAGCA,140453008,140453159,+,chr7:140453134
319_PIK3CA_exon21_all3variants_1_45,GTAGTTCTGGCATTCCAGAGC,CCAATCCATTTTTGTTGTC,178951965,178952116,-,chr3:178952076
319_PIK3CA_exon21_all3variants_1_45,GTAGTTCTGGCATTCCAGAGC,CCAATCCATTTTTGTTGTC,178951965,178952116,-,chr3:178952087
319_PIK3CA_exon21_all3variants_1_45,GTAGTTCTGGCATTCCAGAGC,CCAATCCATTTTTGTTGTC,178951965,178952116,-,chr3:178952084
454_ABL1_exon6_p.F359V_411665_2_28,GTCACAGGGCGTGGAGCCGG,GCCGTGGTGCTGCTGTACAT,133748348,133748477,+,chr9:133748414
224_TP53_exon1_p.H46Q_321_3_33,GTCATGTGCTGTGACTGCTTGT,TAAGAGCAATCAGTGAGG,7578291,7578442,+,chr17:7578396
224_TP53_exon1_p.H46Q_321_3_33,GTCATGTGCTGTGACTGCTTGT,TAAGAGCAATCAGTGAGG,7578291,7578442,+,chr17:7578398
224_TP53_exon1_p.H46Q_321_3_33,GTCATGTGCTGTGACTGCTTGT,TAAGAGCAATCAGTGAGG,7578291,7578442,+,chr17:7578396
224_TP53_exon1_p.H46Q_321_3_33,GTCATGTGCTGTGACTGCTTGT,TAAGAGCAATCAGTGAGG,7578291,7578442,+,chr17:7578398
224_TP53_exon1_p.H46Q_322_3_34,GTCATGTGCTGTGACTGCTTGT,TAAGAGCAATCCGTGAGG,7578291,7578442,+,chr17:7578396
224_TP53_exon1_p.H46Q_322_3_34,GTCATGTGCTGTGACTGCTTGT,TAAGAGCAATCCGTGAGG,7578291,7578442,+,chr17:7578398
224_TP53_exon1_p.H46Q_322_3_34,GTCATGTGCTGTGACTGCTTGT,TAAGAGCAATCCGTGAGG,7578291,7578442,+,chr17:7578396
224_TP53_exon1_p.H46Q_322_3_34,GTCATGTGCTGTGACTGCTTGT,TAAGAGCAATCCGTGAGG,7578291,7578442,+,chr17:7578398
211_ERBB2_exon20_p.G776V_0111_3_38,GTCTCCCGCCTTCTGGGCATCTG,TGGTTGGGAGGCTGTGT,37880908,37881037,+,chr17:37880998
48_FGFR2_exon4_p.Q174P_89_2_56,GTCTCCTCCGACCACTGTGGA,AAAGTCCTCACCTTGAGAA,123279482,123279633,+,chr10:123279562
48_FGFR2_exon4_p.Q174P_89_2_56,GTCTCCTCCGACCACTGTGGA,AAAGTCCTCACCTTGAGAA,123279482,123279633,+,chr10:123279566
48_FGFR2_exon4_p.Q174P_89_2_56,GTCTCCTCCGACCACTGTGGA,AAAGTCCTCACCTTGAGAA,123279482,123279633,+,chr10:123279605
394_BRAF_exon14_p.D576A_390500_2_8,GTCTGCGAAGTTTGAAAAC,GAGTCCTTTAGCCCTACTCAG,140453950,140454079,-,chr7:140454001
341_FGFR3_exon8_p.S344F_0168_1_48,GTCTGGGGGACGCTGGCTCGGGA,GGGGAGTACACCTGCCT,1805491,1805620,+,chr4:1805519
477_MED12_exon25_p.P1187T_0248_3_56,GTCTTGAAAAGGTGAAGGAGG,GGAAGCAAAAGTAGAATCC,70349013,70349142,-,chrX:70349047
20_NOTCH2_exon8_p.G438R_0012_1_11,GTGAGATGGACATCAATGAGTGCC,TTGTGTCTTTCAGCCA,120510128,120510257,-,chr1:120510197
353_FGFR3_exon12_p.K538M_358933_1_52,GTGCGGGGGTGGGGGTCATGCCAG,TGGTGACCGAGGACAA,1807812,1807941,+,chr4:1807889
353_FGFR3_exon12_p.K538M_358933_1_52,GTGCGGGGGTGGGGGTCATGCCAG,TGGTGACCGAGGACAA,1807812,1807941,+,chr4:1807890
166_PTPN11_exon15_p.M586I_200383_3_15,GTGCTCTATTGGTTAATTGTTTAT,GACAGTGCTAGAGTCT,112942509,112942638,+,chr12:112942544
132_HRAS_exon2_p.G12S_132_2_67,GTGGACGAATACGACCCCACTA,AGGAGACCCTGTAGGAGG,534217,534368,-,chr11:534289
132_HRAS_exon2_p.G12S_132_2_67,GTGGACGAATACGACCCCACTA,AGGAGACCCTGTAGGAGG,534217,534368,-,chr11:534286
132_HRAS_exon2_p.G12S_132_2_67,GTGGACGAATACGACCCCACTA,AGGAGACCCTGTAGGAGG,534217,534368,-,chr11:534288
393_BRAF_exon15_p.G596R_559_2_5,GTGGATGGTAAGAATTGAGGC,TTTACTTACTACACCTCAG,140453061,140453212,-,chr7:140453149
393_BRAF_exon15_p.G596R_559_2_5,GTGGATGGTAAGAATTGAGGC,TTTACTTACTACACCTCAG,140453061,140453212,-,chr7:140453134
393_BRAF_exon15_p.G596R_559_2_5,GTGGATGGTAAGAATTGAGGC,TTTACTTACTACACCTCAG,140453061,140453212,-,chr7:140453132
393_BRAF_exon15_p.G596R_559_2_5,GTGGATGGTAAGAATTGAGGC,TTTACTTACTACACCTCAG,140453061,140453212,-,chr7:140453096
393_BRAF_exon15_p.G596R_559_2_5,GTGGATGGTAAGAATTGAGGC,TTTACTTACTACACCTCAG,140453061,140453212,-,chr7:140453155
498_VHL_exon2_p.Y134X_334896_1_33,GTGGCAGACTAGGGTCTCAGTACA,GACGATGTCCAGTCTC,10191421,10191550,-,chr3:10191532
498_VHL_exon2_p.Y134X_334896_1_33,GTGGCAGACTAGGGTCTCAGTACA,GACGATGTCCAGTCTC,10191421,10191550,-,chr3:10191479
188_AKT1_exon3_p.R41P_280_3_18,GTGGCGCGTAAGTATCCCCTT,CGTCTGTAGGGAAGTACAT,105246411,105246562,-,chr14:105246478
188_AKT1_exon3_p.R41P_280_3_18,GTGGCGCGTAAGTATCCCCTT,CGTCTGTAGGGAAGTACAT,105246411,105246562,-,chr14:105246478
188_AKT1_exon3_p.R41P_ 281_3_19,GTGGCGCGTAAGTATCCCCTT,CGTCTGTAGGGGAGTACAT,105246411,105246562,-,chr14:105246478
188_AKT1_exon3_p.R41P_ 281_3_19,GTGGCGCGTAAGTATCCCCTT,CGTCTGTAGGGGAGTACAT,105246411,105246562,-,chr14:105246478
397_BRAF_exon12_p.Q493E_575_2_13,GTGGTAGCAACTATTAGCTTTAC,TTGAATGTGACAGCACC,140477704,140477855,-,chr7:140477813
397_BRAF_exon12_p.Q493E_575_2_13,GTGGTAGCAACTATTAGCTTTAC,TTGAATGTGACAGCACC,140477704,140477855,-,chr7:140477831
9_NRAS_exon2_p.G13R_10_1_4,GTGGTAGCCCGCTGACCTGAT,CTGGTGTGAAATGACTGAG,115258640,115258791,-,chr1:115258745
160_PTPN11_exon11_p.V428L_232_3_9,GTGGTGCACTGCAGGTGACAG,AGAGAACGGTCTGGCAATA,112924289,112924440,+,chr12:112924336
160_PTPN11_exon11_p.V428L_232_3_9,GTGGTGCACTGCAGGTGACAG,AGAGAACGGTCTGGCAATA,112924289,112924440,+,chr12:112924335
160_PTPN11_exon11_p.V428L_232_3_9,GTGGTGCACTGCAGGTGACAG,AGAGAACGGTCTGGCAATA,112924289,112924440,+,chr12:112924384
160_PTPN11_exon11_p.V428L_232_3_9,GTGGTGCACTGCAGGTGACAG,AGAGAACGGTCTGGCAATA,112924289,112924440,+,chr12:112924357
148_PTPN11_exon3_p.E76V_184_3_4,GTGTTCTGAATCTTGATGTGG,TCAGAGGATATTTAAGCTC,112888140,112888291,-,chr12:112888210
148_PTPN11_exon3_p.E76V_184_3_4,GTGTTCTGAATCTTGATGTGG,TCAGAGGATATTTAAGCTC,112888140,112888291,-,chr12:112888162
148_PTPN11_exon3_p.E76V_184_3_4,GTGTTCTGAATCTTGATGTGG,TCAGAGGATATTTAAGCTC,112888140,112888291,-,chr12:112888199
148_PTPN11_exon3_p.E76V_184_3_4,GTGTTCTGAATCTTGATGTGG,TCAGAGGATATTTAAGCTC,112888140,112888291,-,chr12:112888198
148_PTPN11_exon3_p.E76V_184_3_4,GTGTTCTGAATCTTGATGTGG,TCAGAGGATATTTAAGCTC,112888140,112888291,-,chr12:112888166
148_PTPN11_exon3_p.E76V_184_3_4,GTGTTCTGAATCTTGATGTGG,TCAGAGGATATTTAAGCTC,112888140,112888291,-,chr12:112888202
148_PTPN11_exon3_p.E76V_184_3_4,GTGTTCTGAATCTTGATGTGG,TCAGAGGATATTTAAGCTC,112888140,112888291,-,chr12:112888197
148_PTPN11_exon3_p.E76V_184_3_4,GTGTTCTGAATCTTGATGTGG,TCAGAGGATATTTAAGCTC,112888140,112888291,-,chr12:112888211
155_PTPN11_exon8_p.F285C_222_3_8,GTTACTCCCCAGCCTAGTCC,CATTGATGTAATCTGAAACA,112915369,112915520,-,chr12:112915455
22_NOTCH2_exon7_p.L371R_26_1_14,GTTCCTCAGAATCCAACATGG,TGCTGATGCATGCATCATC,120510820,120510971,+,chr1:120510852
195_NF1_exon12_p.W425S_301085_3_36,GTTGTGGAGCACACCCAGCAATAC,TTTCTCTAGTCCGCAT,29533249,29533378,+,chr17:29533271
20_NOTCH2_exon8_p.G438R_23_1_12,GTTTCCACAAATGTGAACAATAG,GTCCTGCATAACCCTTC,120510158,120510309,+,chr1:120510197
218_TP53_exon5_p.Q185E_208124_3_24,GTTTCCAGTCTAACACTC,CTAGCACTGCCCAACAACACCA,7576801,7576930,-,chr17:7576897
222_TP53_exon2_p.G67V_313_3_31,GTTTGCAACTGGGGTCTCTGGG,GATTGCTCTTAGGTCTGG,7578150,7578301,-,chr17:7578253
473_MED12_exon2_p.G44D_0244_3_52,GTTTTTTCCTTAGGGGAAGG,GTTCTTGGCACTGCCATGCT,70339177,70339306,-,chrX:70339254
270_SOS1_exon9_p.S385T_323822_1_25,TCCTTTTTTCCCTGAATATTGTGG,ACAAGCAATAACAGCT,39251102,39251231,-,chr2:39251199
433_FGFR1_exon10_p.L395V_0230_2_23,TGCTTTGGGCAGGTGGTGT,AGAGAGGTGGAGATGGGGTGC,38275460,38275589,-,chr8:38275490
148_PTPN11_exon3_p.E76V_0068_3_1,TGGAACATCACGGGCAAT,TTTAGAAGAAATGGAGCTGTCA,112888117,112888246,+,chr12:112888197
148_PTPN11_exon3_p.E76V_0068_3_1,TGGAACATCACGGGCAAT,TTTAGAAGAAATGGAGCTGTCA,112888117,112888246,+,chr12:112888198
148_PTPN11_exon3_p.E76V_0068_3_1,TGGAACATCACGGGCAAT,TTTAGAAGAAATGGAGCTGTCA,112888117,112888246,+,chr12:112888162
148_PTPN11_exon3_p.E76V_0068_3_1,TGGAACATCACGGGCAAT,TTTAGAAGAAATGGAGCTGTCA,112888117,112888246,+,chr12:112888210
148_PTPN11_exon3_p.E76V_0068_3_1,TGGAACATCACGGGCAAT,TTTAGAAGAAATGGAGCTGTCA,112888117,112888246,+,chr12:112888166
148_PTPN11_exon3_p.E76V_0068_3_1,TGGAACATCACGGGCAAT,TTTAGAAGAAATGGAGCTGTCA,112888117,112888246,+,chr12:112888199
148_PTPN11_exon3_p.E76V_0068_3_1,TGGAACATCACGGGCAAT,TTTAGAAGAAATGGAGCTGTCA,112888117,112888246,+,chr12:112888211
148_PTPN11_exon3_p.E76V_0068_3_1,TGGAACATCACGGGCAAT,TTTAGAAGAAATGGAGCTGTCA,112888117,112888246,+,chr12:112888202
330_CTNNB1_exon3_p.T41S_342173_1_38,TGGATACCTCCCAAGTCC,GCGGCTGTTAGTCACTGGCAGC,41266061,41266190,+,chr3:41266124
330_CTNNB1_exon3_p.T41S_342173_1_38,TGGATACCTCCCAAGTCC,GCGGCTGTTAGTCACTGGCAGC,41266061,41266190,+,chr3:41266112
360_KIT_exon13_p.V643L_365588_1_58,TGGGCACTCGCTAAAATTGGAA,GCTTTACCTCCAATGGTG,55594165,55594294,-,chr4:55594224
349_FGFR3_exon10_p.G431R_0172_1_50,TGGGCGGCCCTCCTGGGCCTG,GGTGTCTGAGATGGAGATG,1807317,1807446,+,chr4:1807371
349_FGFR3_exon10_p.G431R_0172_1_50,TGGGCGGCCCTCCTGGGCCTG,GGTGTCTGAGATGGAGATG,1807317,1807446,+,chr4:1807378
195_NF1_exon12_p.W425S_0109_3_37,TTGTATGCTCTGTTTATCAC,TCGAAGTTCAACCGAGTGAC,29533188,29533317,-,chr17:29533271
362_KIT_exon17_p.N822K_367152_1_60,TTTCTGGCTGCCAAGTCTCTGTGA,ATGGGTACTCACGTTT,55599241,55599370,-,chr4:55599340
